datetime,symbol,open,high,low,close,volume,year_month
2025-10-01 00:00:00,CME_MINI:NQ1!,24830.75,24834.25,24825.25,24831.75,395.0,2025-10
2025-10-01 00:05:00,CME_MINI:NQ1!,24831.75,24837.0,24826.5,24827.75,248.0,2025-10
2025-10-01 00:10:00,CME_MINI:NQ1!,24828.75,24831.5,24817.5,24823.0,373.0,2025-10
2025-10-01 00:15:00,CME_MINI:NQ1!,24823.0,24823.5,24797.25,24799.5,1207.0,2025-10
2025-10-01 00:20:00,CME_MINI:NQ1!,24799.25,24800.75,24789.75,24792.75,731.0,2025-10
2025-10-01 00:25:00,CME_MINI:NQ1!,24792.75,24797.0,24785.5,24790.75,638.0,2025-10
2025-10-01 00:30:00,CME_MINI:NQ1!,24791.25,24802.0,24790.5,24798.25,449.0,2025-10
2025-10-01 00:35:00,CME_MINI:NQ1!,24799.25,24801.75,24791.0,24794.5,339.0,2025-10
2025-10-01 00:40:00,CME_MINI:NQ1!,24795.0,24805.75,24793.75,24804.25,379.0,2025-10
2025-10-01 00:45:00,CME_MINI:NQ1!,24803.25,24806.75,24798.25,24805.25,349.0,2025-10
2025-10-01 00:50:00,CME_MINI:NQ1!,24805.75,24811.5,24799.75,24806.25,537.0,2025-10
2025-10-01 00:55:00,CME_MINI:NQ1!,24806.25,24807.0,24788.25,24794.25,494.0,2025-10
2025-10-01 01:00:00,CME_MINI:NQ1!,24794.25,24798.75,24789.5,24792.25,368.0,2025-10
2025-10-01 01:05:00,CME_MINI:NQ1!,24792.5,24796.0,24784.0,24787.5,317.0,2025-10
2025-10-01 01:10:00,CME_MINI:NQ1!,24786.75,24793.0,24783.75,24788.5,279.0,2025-10
2025-10-01 01:15:00,CME_MINI:NQ1!,24788.75,24793.5,24788.0,24791.0,158.0,2025-10
2025-10-01 01:20:00,CME_MINI:NQ1!,24792.0,24799.0,24790.75,24798.75,276.0,2025-10
2025-10-01 01:25:00,CME_MINI:NQ1!,24799.0,24808.5,24794.75,24806.0,428.0,2025-10
2025-10-01 01:30:00,CME_MINI:NQ1!,24806.5,24810.5,24794.25,24796.25,461.0,2025-10
2025-10-01 01:35:00,CME_MINI:NQ1!,24797.5,24802.0,24794.5,24801.75,223.0,2025-10
2025-10-01 01:40:00,CME_MINI:NQ1!,24802.0,24809.75,24799.5,24808.0,622.0,2025-10
2025-10-01 01:45:00,CME_MINI:NQ1!,24808.0,24811.0,24806.5,24808.75,220.0,2025-10
2025-10-01 01:50:00,CME_MINI:NQ1!,24807.0,24809.5,24801.0,24805.75,211.0,2025-10
2025-10-01 01:55:00,CME_MINI:NQ1!,24806.0,24808.25,24803.75,24804.0,145.0,2025-10
2025-10-01 02:00:00,CME_MINI:NQ1!,24804.0,24805.0,24795.0,24802.0,300.0,2025-10
2025-10-01 02:05:00,CME_MINI:NQ1!,24803.0,24805.5,24798.5,24798.5,187.0,2025-10
2025-10-01 02:10:00,CME_MINI:NQ1!,24798.0,24799.0,24787.0,24789.75,394.0,2025-10
2025-10-01 02:15:00,CME_MINI:NQ1!,24790.25,24798.75,24788.25,24795.0,251.0,2025-10
2025-10-01 02:20:00,CME_MINI:NQ1!,24794.0,24803.25,24794.0,24802.5,217.0,2025-10
2025-10-01 02:25:00,CME_MINI:NQ1!,24803.5,24803.75,24798.0,24800.0,178.0,2025-10
2025-10-01 02:30:00,CME_MINI:NQ1!,24799.5,24799.5,24785.25,24788.5,339.0,2025-10
2025-10-01 02:35:00,CME_MINI:NQ1!,24789.0,24791.75,24785.5,24787.25,140.0,2025-10
2025-10-01 02:40:00,CME_MINI:NQ1!,24786.25,24788.75,24785.0,24788.75,192.0,2025-10
2025-10-01 02:45:00,CME_MINI:NQ1!,24788.25,24791.5,24786.75,24787.5,253.0,2025-10
2025-10-01 02:50:00,CME_MINI:NQ1!,24787.0,24789.25,24781.0,24785.75,272.0,2025-10
2025-10-01 02:55:00,CME_MINI:NQ1!,24785.5,24791.25,24785.0,24787.25,199.0,2025-10
2025-10-01 03:00:00,CME_MINI:NQ1!,24787.25,24788.25,24775.25,24776.0,588.0,2025-10
2025-10-01 03:05:00,CME_MINI:NQ1!,24775.75,24776.75,24770.0,24772.0,444.0,2025-10
2025-10-01 03:10:00,CME_MINI:NQ1!,24773.0,24779.0,24769.5,24772.75,368.0,2025-10
2025-10-01 03:15:00,CME_MINI:NQ1!,24772.25,24773.25,24766.0,24769.25,259.0,2025-10
2025-10-01 03:20:00,CME_MINI:NQ1!,24769.0,24774.0,24765.5,24771.5,303.0,2025-10
2025-10-01 03:25:00,CME_MINI:NQ1!,24770.75,24774.5,24770.0,24770.5,107.0,2025-10
2025-10-01 03:30:00,CME_MINI:NQ1!,24770.75,24772.5,24769.0,24770.25,108.0,2025-10
2025-10-01 03:35:00,CME_MINI:NQ1!,24770.5,24771.25,24765.75,24766.25,148.0,2025-10
2025-10-01 03:40:00,CME_MINI:NQ1!,24767.5,24768.75,24763.5,24765.0,215.0,2025-10
2025-10-01 03:45:00,CME_MINI:NQ1!,24764.25,24772.25,24763.75,24770.0,195.0,2025-10
2025-10-01 03:50:00,CME_MINI:NQ1!,24770.5,24774.75,24767.75,24769.25,270.0,2025-10
2025-10-01 03:55:00,CME_MINI:NQ1!,24769.0,24774.5,24769.0,24771.5,128.0,2025-10
2025-10-01 04:00:00,CME_MINI:NQ1!,24772.25,24777.25,24771.0,24776.0,274.0,2025-10
2025-10-01 04:05:00,CME_MINI:NQ1!,24776.0,24780.75,24772.25,24780.0,289.0,2025-10
2025-10-01 04:10:00,CME_MINI:NQ1!,24780.0,24782.25,24774.0,24775.75,240.0,2025-10
2025-10-01 04:15:00,CME_MINI:NQ1!,24776.0,24777.75,24773.5,24775.5,107.0,2025-10
2025-10-01 04:20:00,CME_MINI:NQ1!,24775.75,24778.25,24769.5,24776.5,251.0,2025-10
2025-10-01 04:25:00,CME_MINI:NQ1!,24776.0,24779.75,24776.0,24778.75,99.0,2025-10
2025-10-01 04:30:00,CME_MINI:NQ1!,24779.0,24779.75,24775.5,24777.75,116.0,2025-10
2025-10-01 04:35:00,CME_MINI:NQ1!,24777.5,24781.75,24777.5,24778.5,115.0,2025-10
2025-10-01 04:40:00,CME_MINI:NQ1!,24778.5,24778.75,24774.5,24776.75,157.0,2025-10
2025-10-01 04:45:00,CME_MINI:NQ1!,24776.5,24780.0,24772.5,24778.25,137.0,2025-10
2025-10-01 04:50:00,CME_MINI:NQ1!,24777.75,24777.75,24773.0,24775.0,126.0,2025-10
2025-10-01 04:55:00,CME_MINI:NQ1!,24775.0,24775.75,24771.5,24773.75,206.0,2025-10
2025-10-01 05:00:00,CME_MINI:NQ1!,24774.5,24780.0,24773.75,24777.0,173.0,2025-10
2025-10-01 05:05:00,CME_MINI:NQ1!,24777.25,24778.75,24773.5,24777.5,96.0,2025-10
2025-10-01 05:10:00,CME_MINI:NQ1!,24776.75,24777.0,24772.25,24772.25,88.0,2025-10
2025-10-01 05:15:00,CME_MINI:NQ1!,24772.25,24773.5,24759.25,24766.5,549.0,2025-10
2025-10-01 05:20:00,CME_MINI:NQ1!,24766.75,24768.5,24762.0,24764.5,140.0,2025-10
2025-10-01 05:25:00,CME_MINI:NQ1!,24764.5,24764.75,24759.0,24764.0,219.0,2025-10
2025-10-01 05:30:00,CME_MINI:NQ1!,24763.25,24764.0,24758.0,24761.25,301.0,2025-10
2025-10-01 05:35:00,CME_MINI:NQ1!,24761.75,24766.0,24760.5,24762.75,161.0,2025-10
2025-10-01 05:40:00,CME_MINI:NQ1!,24763.25,24769.0,24763.25,24766.25,195.0,2025-10
2025-10-01 05:45:00,CME_MINI:NQ1!,24766.5,24773.25,24766.0,24770.0,242.0,2025-10
2025-10-01 05:50:00,CME_MINI:NQ1!,24770.0,24773.75,24767.0,24769.25,251.0,2025-10
2025-10-01 05:55:00,CME_MINI:NQ1!,24768.75,24769.75,24759.25,24761.25,324.0,2025-10
2025-10-01 06:00:00,CME_MINI:NQ1!,24762.0,24766.5,24760.0,24763.75,287.0,2025-10
2025-10-01 06:05:00,CME_MINI:NQ1!,24763.75,24769.5,24763.0,24768.25,204.0,2025-10
2025-10-01 06:10:00,CME_MINI:NQ1!,24768.0,24768.0,24755.75,24758.25,463.0,2025-10
2025-10-01 06:15:00,CME_MINI:NQ1!,24757.5,24759.5,24749.5,24752.25,411.0,2025-10
2025-10-01 06:20:00,CME_MINI:NQ1!,24752.25,24755.75,24749.25,24750.75,370.0,2025-10
2025-10-01 06:25:00,CME_MINI:NQ1!,24750.0,24752.75,24748.0,24749.5,280.0,2025-10
2025-10-01 06:30:00,CME_MINI:NQ1!,24749.0,24751.75,24744.0,24748.75,433.0,2025-10
2025-10-01 06:35:00,CME_MINI:NQ1!,24748.5,24753.25,24745.25,24745.75,423.0,2025-10
2025-10-01 06:40:00,CME_MINI:NQ1!,24746.25,24746.75,24728.0,24729.0,983.0,2025-10
2025-10-01 06:45:00,CME_MINI:NQ1!,24728.5,24730.5,24663.75,24675.5,3325.0,2025-10
2025-10-01 06:50:00,CME_MINI:NQ1!,24674.75,24686.0,24663.25,24664.25,1396.0,2025-10
2025-10-01 06:55:00,CME_MINI:NQ1!,24663.5,24664.0,24633.25,24652.0,2014.0,2025-10
2025-10-01 07:00:00,CME_MINI:NQ1!,24651.5,24682.75,24637.5,24677.75,2013.0,2025-10
2025-10-01 07:05:00,CME_MINI:NQ1!,24678.0,24689.75,24655.25,24660.25,1397.0,2025-10
2025-10-01 07:10:00,CME_MINI:NQ1!,24660.5,24662.5,24650.0,24654.25,680.0,2025-10
2025-10-01 07:15:00,CME_MINI:NQ1!,24653.25,24680.25,24653.25,24670.0,850.0,2025-10
2025-10-01 07:20:00,CME_MINI:NQ1!,24669.5,24669.75,24651.75,24663.75,697.0,2025-10
2025-10-01 07:25:00,CME_MINI:NQ1!,24664.5,24673.5,24661.0,24672.25,561.0,2025-10
2025-10-01 07:30:00,CME_MINI:NQ1!,24672.75,24687.75,24667.75,24669.25,878.0,2025-10
2025-10-01 07:35:00,CME_MINI:NQ1!,24669.5,24671.75,24663.0,24664.25,424.0,2025-10
2025-10-01 07:40:00,CME_MINI:NQ1!,24663.75,24671.5,24658.75,24663.0,487.0,2025-10
2025-10-01 07:45:00,CME_MINI:NQ1!,24663.0,24665.0,24654.25,24663.5,636.0,2025-10
2025-10-01 07:50:00,CME_MINI:NQ1!,24664.25,24672.25,24660.5,24670.5,374.0,2025-10
2025-10-01 07:55:00,CME_MINI:NQ1!,24671.25,24679.25,24669.25,24671.5,540.0,2025-10
2025-10-01 08:00:00,CME_MINI:NQ1!,24670.75,24675.0,24653.25,24672.75,1224.0,2025-10
2025-10-01 08:05:00,CME_MINI:NQ1!,24672.75,24678.0,24664.5,24668.5,647.0,2025-10
2025-10-01 08:10:00,CME_MINI:NQ1!,24669.0,24670.25,24658.5,24669.5,599.0,2025-10
2025-10-01 08:15:00,CME_MINI:NQ1!,24668.75,24674.25,24661.25,24662.5,450.0,2025-10
2025-10-01 08:20:00,CME_MINI:NQ1!,24662.5,24672.0,24658.5,24668.25,331.0,2025-10
2025-10-01 08:25:00,CME_MINI:NQ1!,24669.25,24679.75,24669.25,24678.75,527.0,2025-10
2025-10-01 08:30:00,CME_MINI:NQ1!,24678.75,24716.0,24678.0,24710.5,1687.0,2025-10
2025-10-01 08:35:00,CME_MINI:NQ1!,24711.25,24714.75,24703.25,24708.5,861.0,2025-10
2025-10-01 08:40:00,CME_MINI:NQ1!,24708.75,24729.0,24706.0,24726.5,1026.0,2025-10
2025-10-01 08:45:00,CME_MINI:NQ1!,24726.75,24728.0,24716.75,24722.0,563.0,2025-10
2025-10-01 08:50:00,CME_MINI:NQ1!,24721.5,24732.5,24719.75,24725.5,598.0,2025-10
2025-10-01 08:55:00,CME_MINI:NQ1!,24725.75,24725.75,24716.75,24720.25,312.0,2025-10
2025-10-01 09:00:00,CME_MINI:NQ1!,24719.5,24723.75,24713.75,24716.0,442.0,2025-10
2025-10-01 09:05:00,CME_MINI:NQ1!,24716.5,24741.0,24715.75,24738.0,740.0,2025-10
2025-10-01 09:10:00,CME_MINI:NQ1!,24737.75,24745.75,24732.75,24738.25,737.0,2025-10
2025-10-01 09:15:00,CME_MINI:NQ1!,24737.5,24742.0,24733.75,24740.5,540.0,2025-10
2025-10-01 09:20:00,CME_MINI:NQ1!,24739.25,24747.25,24737.0,24746.75,389.0,2025-10
2025-10-01 09:25:00,CME_MINI:NQ1!,24746.25,24766.75,24744.5,24760.75,980.0,2025-10
2025-10-01 09:30:00,CME_MINI:NQ1!,24760.0,24762.25,24738.75,24745.25,893.0,2025-10
2025-10-01 09:35:00,CME_MINI:NQ1!,24746.25,24751.0,24741.5,24747.75,482.0,2025-10
2025-10-01 09:40:00,CME_MINI:NQ1!,24748.5,24749.75,24738.0,24744.5,361.0,2025-10
2025-10-01 09:45:00,CME_MINI:NQ1!,24744.25,24751.0,24742.5,24747.25,447.0,2025-10
2025-10-01 09:50:00,CME_MINI:NQ1!,24746.0,24749.5,24740.75,24747.5,247.0,2025-10
2025-10-01 09:55:00,CME_MINI:NQ1!,24747.25,24747.25,24740.5,24745.75,205.0,2025-10
2025-10-01 10:00:00,CME_MINI:NQ1!,24745.75,24752.25,24744.75,24750.25,270.0,2025-10
2025-10-01 10:05:00,CME_MINI:NQ1!,24750.25,24761.25,24746.75,24761.0,454.0,2025-10
2025-10-01 10:10:00,CME_MINI:NQ1!,24760.5,24764.0,24750.0,24750.5,383.0,2025-10
2025-10-01 10:15:00,CME_MINI:NQ1!,24750.75,24758.5,24748.5,24750.75,346.0,2025-10
2025-10-01 10:20:00,CME_MINI:NQ1!,24750.75,24759.5,24746.75,24751.75,303.0,2025-10
2025-10-01 10:25:00,CME_MINI:NQ1!,24752.0,24754.75,24741.25,24742.25,337.0,2025-10
2025-10-01 10:30:00,CME_MINI:NQ1!,24742.25,24742.75,24731.75,24737.0,738.0,2025-10
2025-10-01 10:35:00,CME_MINI:NQ1!,24737.75,24751.25,24735.0,24735.25,441.0,2025-10
2025-10-01 10:40:00,CME_MINI:NQ1!,24735.0,24737.5,24721.75,24726.25,626.0,2025-10
2025-10-01 10:45:00,CME_MINI:NQ1!,24725.75,24737.5,24724.5,24734.0,360.0,2025-10
2025-10-01 10:50:00,CME_MINI:NQ1!,24734.75,24738.25,24730.5,24734.75,266.0,2025-10
2025-10-01 10:55:00,CME_MINI:NQ1!,24735.25,24738.5,24731.25,24731.5,259.0,2025-10
2025-10-01 11:00:00,CME_MINI:NQ1!,24732.75,24749.0,24731.0,24743.75,599.0,2025-10
2025-10-01 11:05:00,CME_MINI:NQ1!,24744.0,24770.5,24743.5,24758.75,1103.0,2025-10
2025-10-01 11:10:00,CME_MINI:NQ1!,24758.0,24769.0,24750.25,24767.75,629.0,2025-10
2025-10-01 11:15:00,CME_MINI:NQ1!,24768.0,24772.25,24763.25,24765.25,674.0,2025-10
2025-10-01 11:20:00,CME_MINI:NQ1!,24765.75,24775.75,24765.5,24771.25,524.0,2025-10
2025-10-01 11:25:00,CME_MINI:NQ1!,24771.75,24780.75,24771.25,24779.75,628.0,2025-10
2025-10-01 11:30:00,CME_MINI:NQ1!,24780.25,24788.75,24774.75,24787.0,907.0,2025-10
2025-10-01 11:35:00,CME_MINI:NQ1!,24786.5,24791.75,24776.5,24779.0,713.0,2025-10
2025-10-01 11:40:00,CME_MINI:NQ1!,24779.75,24786.0,24778.25,24781.25,429.0,2025-10
2025-10-01 11:45:00,CME_MINI:NQ1!,24781.0,24793.75,24778.25,24792.75,541.0,2025-10
2025-10-01 11:50:00,CME_MINI:NQ1!,24792.75,24800.25,24784.0,24794.75,794.0,2025-10
2025-10-01 11:55:00,CME_MINI:NQ1!,24794.75,24803.25,24793.25,24798.5,589.0,2025-10
2025-10-01 12:00:00,CME_MINI:NQ1!,24798.5,24805.5,24791.0,24792.0,873.0,2025-10
2025-10-01 12:05:00,CME_MINI:NQ1!,24791.75,24792.25,24775.5,24782.25,1156.0,2025-10
2025-10-01 12:10:00,CME_MINI:NQ1!,24782.25,24789.25,24778.25,24786.75,728.0,2025-10
2025-10-01 12:15:00,CME_MINI:NQ1!,24787.25,24787.75,24747.25,24764.5,3197.0,2025-10
2025-10-01 12:20:00,CME_MINI:NQ1!,24765.0,24798.5,24762.5,24782.5,2909.0,2025-10
2025-10-01 12:25:00,CME_MINI:NQ1!,24782.75,24789.5,24771.0,24779.0,1182.0,2025-10
2025-10-01 12:30:00,CME_MINI:NQ1!,24779.25,24782.5,24767.0,24774.5,1677.0,2025-10
2025-10-01 12:35:00,CME_MINI:NQ1!,24774.25,24785.5,24764.75,24783.25,1171.0,2025-10
2025-10-01 12:40:00,CME_MINI:NQ1!,24782.5,24790.75,24777.25,24780.0,933.0,2025-10
2025-10-01 12:45:00,CME_MINI:NQ1!,24780.5,24794.5,24777.0,24792.5,936.0,2025-10
2025-10-01 12:50:00,CME_MINI:NQ1!,24792.0,24793.0,24773.25,24775.25,810.0,2025-10
2025-10-01 12:55:00,CME_MINI:NQ1!,24774.75,24782.25,24769.0,24777.0,945.0,2025-10
2025-10-01 13:00:00,CME_MINI:NQ1!,24777.5,24793.0,24775.75,24789.25,1105.0,2025-10
2025-10-01 13:05:00,CME_MINI:NQ1!,24789.75,24794.75,24780.25,24787.25,932.0,2025-10
2025-10-01 13:10:00,CME_MINI:NQ1!,24786.75,24788.0,24782.0,24787.5,543.0,2025-10
2025-10-01 13:15:00,CME_MINI:NQ1!,24787.5,24791.25,24782.75,24784.75,746.0,2025-10
2025-10-01 13:20:00,CME_MINI:NQ1!,24785.0,24790.5,24780.25,24781.5,748.0,2025-10
2025-10-01 13:25:00,CME_MINI:NQ1!,24782.5,24784.75,24758.75,24763.25,3307.0,2025-10
2025-10-01 13:30:00,CME_MINI:NQ1!,24763.0,24836.0,24742.75,24816.0,18189.0,2025-10
2025-10-01 13:35:00,CME_MINI:NQ1!,24816.0,24841.5,24805.25,24828.0,9123.0,2025-10
2025-10-01 13:40:00,CME_MINI:NQ1!,24828.25,24838.5,24803.25,24829.0,7396.0,2025-10
2025-10-01 13:45:00,CME_MINI:NQ1!,24828.0,24835.5,24735.0,24737.0,12317.0,2025-10
2025-10-01 13:50:00,CME_MINI:NQ1!,24736.75,24781.75,24726.0,24778.5,10485.0,2025-10
2025-10-01 13:55:00,CME_MINI:NQ1!,24777.25,24814.75,24759.5,24784.75,8997.0,2025-10
2025-10-01 14:00:00,CME_MINI:NQ1!,24781.25,24823.75,24750.0,24822.25,8324.0,2025-10
2025-10-01 14:05:00,CME_MINI:NQ1!,24822.0,24823.25,24794.75,24815.0,5669.0,2025-10
2025-10-01 14:10:00,CME_MINI:NQ1!,24815.0,24833.75,24810.25,24830.75,4929.0,2025-10
2025-10-01 14:15:00,CME_MINI:NQ1!,24830.75,24860.0,24825.75,24857.75,6720.0,2025-10
2025-10-01 14:20:00,CME_MINI:NQ1!,24857.75,24883.25,24854.25,24871.5,8797.0,2025-10
2025-10-01 14:25:00,CME_MINI:NQ1!,24871.25,24893.0,24871.25,24883.25,6602.0,2025-10
2025-10-01 14:30:00,CME_MINI:NQ1!,24884.0,24898.0,24874.75,24897.0,6287.0,2025-10
2025-10-01 14:35:00,CME_MINI:NQ1!,24896.75,24912.0,24893.75,24895.5,6465.0,2025-10
2025-10-01 14:40:00,CME_MINI:NQ1!,24895.75,24896.75,24881.0,24890.5,5598.0,2025-10
2025-10-01 14:45:00,CME_MINI:NQ1!,24890.5,24894.25,24878.25,24885.0,4911.0,2025-10
2025-10-01 14:50:00,CME_MINI:NQ1!,24884.75,24901.75,24883.75,24896.0,3991.0,2025-10
2025-10-01 14:55:00,CME_MINI:NQ1!,24896.5,24902.75,24890.5,24897.5,4226.0,2025-10
2025-10-01 15:00:00,CME_MINI:NQ1!,24896.75,24920.75,24896.0,24904.5,6750.0,2025-10
2025-10-01 15:05:00,CME_MINI:NQ1!,24904.0,24915.5,24894.25,24910.0,4375.0,2025-10
2025-10-01 15:10:00,CME_MINI:NQ1!,24910.0,24912.5,24880.75,24900.25,5078.0,2025-10
2025-10-01 15:15:00,CME_MINI:NQ1!,24900.75,24902.5,24878.25,24879.5,3595.0,2025-10
2025-10-01 15:20:00,CME_MINI:NQ1!,24879.5,24891.0,24875.25,24888.5,4152.0,2025-10
2025-10-01 15:25:00,CME_MINI:NQ1!,24888.75,24897.5,24880.0,24890.75,3548.0,2025-10
2025-10-01 15:30:00,CME_MINI:NQ1!,24890.75,24910.25,24890.75,24907.75,3806.0,2025-10
2025-10-01 15:35:00,CME_MINI:NQ1!,24907.75,24931.0,24903.25,24927.0,5482.0,2025-10
2025-10-01 15:40:00,CME_MINI:NQ1!,24927.75,24932.75,24921.0,24930.5,3798.0,2025-10
2025-10-01 15:45:00,CME_MINI:NQ1!,24930.75,24935.75,24919.75,24925.75,4375.0,2025-10
2025-10-01 15:50:00,CME_MINI:NQ1!,24925.25,24935.5,24924.0,24930.75,2306.0,2025-10
2025-10-01 15:55:00,CME_MINI:NQ1!,24930.5,24938.5,24928.75,24931.0,2552.0,2025-10
2025-10-01 16:00:00,CME_MINI:NQ1!,24931.5,24943.25,24930.25,24931.75,3773.0,2025-10
2025-10-01 16:05:00,CME_MINI:NQ1!,24932.0,24946.5,24931.75,24941.5,2858.0,2025-10
2025-10-01 16:10:00,CME_MINI:NQ1!,24941.5,24946.75,24938.5,24940.25,2118.0,2025-10
2025-10-01 16:15:00,CME_MINI:NQ1!,24940.0,24948.75,24936.25,24936.75,2494.0,2025-10
2025-10-01 16:20:00,CME_MINI:NQ1!,24937.0,24939.25,24928.75,24934.75,3090.0,2025-10
2025-10-01 16:25:00,CME_MINI:NQ1!,24935.0,24946.5,24934.0,24943.75,2349.0,2025-10
2025-10-01 16:30:00,CME_MINI:NQ1!,24944.0,24952.5,24943.25,24952.0,2697.0,2025-10
2025-10-01 16:35:00,CME_MINI:NQ1!,24952.25,24952.5,24941.0,24943.75,1733.0,2025-10
2025-10-01 16:40:00,CME_MINI:NQ1!,24943.75,24946.75,24934.25,24934.75,2003.0,2025-10
2025-10-01 16:45:00,CME_MINI:NQ1!,24934.5,24947.0,24930.25,24940.0,2923.0,2025-10
2025-10-01 16:50:00,CME_MINI:NQ1!,24940.5,24947.0,24938.75,24939.75,1731.0,2025-10
2025-10-01 16:55:00,CME_MINI:NQ1!,24939.75,24957.75,24937.0,24955.0,2845.0,2025-10
2025-10-01 17:00:00,CME_MINI:NQ1!,24955.0,24972.0,24952.25,24971.25,4273.0,2025-10
2025-10-01 17:05:00,CME_MINI:NQ1!,24971.0,24980.5,24970.75,24973.0,4287.0,2025-10
2025-10-01 17:10:00,CME_MINI:NQ1!,24973.0,24979.25,24966.25,24969.75,3256.0,2025-10
2025-10-01 17:15:00,CME_MINI:NQ1!,24969.5,24983.0,24968.0,24975.25,3619.0,2025-10
2025-10-01 17:20:00,CME_MINI:NQ1!,24975.0,24980.0,24970.75,24979.0,1761.0,2025-10
2025-10-01 17:25:00,CME_MINI:NQ1!,24979.25,24990.0,24976.5,24983.5,3472.0,2025-10
2025-10-01 17:30:00,CME_MINI:NQ1!,24984.25,24987.0,24971.0,24983.25,4016.0,2025-10
2025-10-01 17:35:00,CME_MINI:NQ1!,24983.25,24984.75,24974.75,24977.75,1686.0,2025-10
2025-10-01 17:40:00,CME_MINI:NQ1!,24977.5,24979.75,24964.25,24972.5,3056.0,2025-10
2025-10-01 17:45:00,CME_MINI:NQ1!,24972.5,24975.75,24965.0,24969.75,1670.0,2025-10
2025-10-01 17:50:00,CME_MINI:NQ1!,24970.0,24978.5,24967.5,24973.0,2153.0,2025-10
2025-10-01 17:55:00,CME_MINI:NQ1!,24973.25,24986.0,24970.25,24983.5,2533.0,2025-10
2025-10-01 18:00:00,CME_MINI:NQ1!,24983.0,25010.25,24972.75,24993.25,7949.0,2025-10
2025-10-01 18:05:00,CME_MINI:NQ1!,24993.5,25013.25,24993.5,25009.5,4663.0,2025-10
2025-10-01 18:10:00,CME_MINI:NQ1!,25009.5,25015.25,25001.5,25012.0,3288.0,2025-10
2025-10-01 18:15:00,CME_MINI:NQ1!,25012.5,25020.5,25010.25,25018.5,3027.0,2025-10
2025-10-01 18:20:00,CME_MINI:NQ1!,25018.5,25021.5,25005.25,25015.5,3646.0,2025-10
2025-10-01 18:25:00,CME_MINI:NQ1!,25015.25,25024.0,25007.0,25012.5,3180.0,2025-10
2025-10-01 18:30:00,CME_MINI:NQ1!,25012.5,25022.0,25010.5,25021.0,1974.0,2025-10
2025-10-01 18:35:00,CME_MINI:NQ1!,25021.25,25027.25,25017.0,25025.0,2691.0,2025-10
2025-10-01 18:40:00,CME_MINI:NQ1!,25024.75,25034.0,25021.0,25026.75,4088.0,2025-10
2025-10-01 18:45:00,CME_MINI:NQ1!,25026.5,25030.5,25022.75,25026.0,1758.0,2025-10
2025-10-01 18:50:00,CME_MINI:NQ1!,25026.5,25034.75,25023.75,25025.0,2713.0,2025-10
2025-10-01 18:55:00,CME_MINI:NQ1!,25024.75,25030.0,25019.0,25024.0,2853.0,2025-10
2025-10-01 19:00:00,CME_MINI:NQ1!,25023.75,25034.75,25022.5,25032.5,2088.0,2025-10
2025-10-01 19:05:00,CME_MINI:NQ1!,25032.25,25036.75,25027.5,25030.0,2074.0,2025-10
2025-10-01 19:10:00,CME_MINI:NQ1!,25029.25,25029.75,25016.75,25025.75,2720.0,2025-10
2025-10-01 19:15:00,CME_MINI:NQ1!,25025.5,25027.5,25015.25,25016.5,1877.0,2025-10
2025-10-01 19:20:00,CME_MINI:NQ1!,25016.75,25020.5,25008.5,25010.0,2528.0,2025-10
2025-10-01 19:25:00,CME_MINI:NQ1!,25009.75,25025.75,25008.0,25024.25,3120.0,2025-10
2025-10-01 19:30:00,CME_MINI:NQ1!,25023.75,25035.5,25019.25,25032.5,3074.0,2025-10
2025-10-01 19:35:00,CME_MINI:NQ1!,25032.75,25032.75,25017.0,25018.75,2744.0,2025-10
2025-10-01 19:40:00,CME_MINI:NQ1!,25019.0,25030.25,25006.25,25007.0,4862.0,2025-10
2025-10-01 19:45:00,CME_MINI:NQ1!,25007.25,25026.25,25000.75,25023.25,4916.0,2025-10
2025-10-01 19:50:00,CME_MINI:NQ1!,25023.5,25032.0,25014.25,25015.0,5543.0,2025-10
2025-10-01 19:55:00,CME_MINI:NQ1!,25014.75,25034.25,25010.75,25011.75,16375.0,2025-10
2025-10-01 20:00:00,CME_MINI:NQ1!,25011.5,25012.75,24995.5,24999.0,6861.0,2025-10
2025-10-01 20:05:00,CME_MINI:NQ1!,24999.0,25000.75,24992.75,24996.0,1974.0,2025-10
2025-10-01 20:10:00,CME_MINI:NQ1!,24995.75,24998.5,24992.75,24995.25,1328.0,2025-10
2025-10-01 20:15:00,CME_MINI:NQ1!,24995.25,25001.75,24994.5,24998.75,543.0,2025-10
2025-10-01 20:20:00,CME_MINI:NQ1!,24999.0,25006.5,24999.0,25000.0,621.0,2025-10
2025-10-01 20:25:00,CME_MINI:NQ1!,25000.25,25001.5,24996.0,25000.75,397.0,2025-10
2025-10-01 20:30:00,CME_MINI:NQ1!,25000.5,25007.75,24998.75,25006.25,504.0,2025-10
2025-10-01 20:35:00,CME_MINI:NQ1!,25006.5,25014.75,25006.5,25011.5,761.0,2025-10
2025-10-01 20:40:00,CME_MINI:NQ1!,25011.25,25012.5,25002.0,25007.25,786.0,2025-10
2025-10-01 20:45:00,CME_MINI:NQ1!,25007.25,25009.0,25004.5,25006.0,458.0,2025-10
2025-10-01 20:50:00,CME_MINI:NQ1!,25006.5,25007.5,25002.25,25006.25,370.0,2025-10
2025-10-01 20:55:00,CME_MINI:NQ1!,25006.5,25011.0,25004.75,25009.25,570.0,2025-10
2025-10-01 22:00:00,CME_MINI:NQ1!,25009.25,25017.75,25001.75,25014.5,572.0,2025-10
2025-10-01 22:05:00,CME_MINI:NQ1!,25015.75,25019.75,25010.25,25016.75,262.0,2025-10
2025-10-01 22:10:00,CME_MINI:NQ1!,25017.75,25019.5,25015.75,25018.0,139.0,2025-10
2025-10-01 22:15:00,CME_MINI:NQ1!,25018.75,25019.5,25012.25,25013.25,127.0,2025-10
2025-10-01 22:20:00,CME_MINI:NQ1!,25013.75,25018.0,25012.75,25017.75,132.0,2025-10
2025-10-01 22:25:00,CME_MINI:NQ1!,25018.0,25018.5,25014.5,25016.5,73.0,2025-10
2025-10-01 22:30:00,CME_MINI:NQ1!,25015.75,25019.25,25015.5,25017.5,109.0,2025-10
2025-10-01 22:35:00,CME_MINI:NQ1!,25017.75,25019.0,25010.0,25016.25,211.0,2025-10
2025-10-01 22:40:00,CME_MINI:NQ1!,25016.5,25018.0,25013.75,25017.25,131.0,2025-10
2025-10-01 22:45:00,CME_MINI:NQ1!,25017.0,25020.25,25016.0,25017.75,134.0,2025-10
2025-10-01 22:50:00,CME_MINI:NQ1!,25018.75,25020.0,25012.5,25013.25,174.0,2025-10
2025-10-01 22:55:00,CME_MINI:NQ1!,25013.25,25015.0,25010.75,25012.25,141.0,2025-10
2025-10-01 23:00:00,CME_MINI:NQ1!,25012.75,25018.75,25012.0,25013.5,243.0,2025-10
2025-10-01 23:05:00,CME_MINI:NQ1!,25013.25,25015.25,25010.75,25013.0,117.0,2025-10
2025-10-01 23:10:00,CME_MINI:NQ1!,25013.75,25018.25,25013.25,25016.0,95.0,2025-10
2025-10-01 23:15:00,CME_MINI:NQ1!,25016.5,25029.0,25016.5,25025.0,602.0,2025-10
2025-10-01 23:20:00,CME_MINI:NQ1!,25024.75,25028.75,25023.25,25027.5,165.0,2025-10
2025-10-01 23:25:00,CME_MINI:NQ1!,25027.5,25027.5,25022.0,25023.75,164.0,2025-10
2025-10-01 23:30:00,CME_MINI:NQ1!,25023.75,25024.75,25010.0,25010.25,386.0,2025-10
2025-10-01 23:35:00,CME_MINI:NQ1!,25010.25,25014.75,25003.25,25014.0,394.0,2025-10
2025-10-01 23:40:00,CME_MINI:NQ1!,25014.75,25021.25,25013.25,25019.0,278.0,2025-10
2025-10-01 23:45:00,CME_MINI:NQ1!,25019.0,25021.0,25015.75,25015.75,130.0,2025-10
2025-10-01 23:50:00,CME_MINI:NQ1!,25015.5,25021.75,25013.25,25020.5,197.0,2025-10
2025-10-01 23:55:00,CME_MINI:NQ1!,25020.75,25027.75,25019.25,25022.25,267.0,2025-10
2025-10-02 00:00:00,CME_MINI:NQ1!,25022.0,25032.75,25019.25,25026.25,808.0,2025-10
2025-10-02 00:05:00,CME_MINI:NQ1!,25026.5,25032.75,25024.0,25027.0,327.0,2025-10
2025-10-02 00:10:00,CME_MINI:NQ1!,25027.0,25035.0,25023.0,25031.5,388.0,2025-10
2025-10-02 00:15:00,CME_MINI:NQ1!,25032.0,25042.25,25030.5,25038.75,696.0,2025-10
2025-10-02 00:20:00,CME_MINI:NQ1!,25038.0,25047.25,25034.0,25046.0,473.0,2025-10
2025-10-02 00:25:00,CME_MINI:NQ1!,25045.5,25047.0,25041.5,25044.5,392.0,2025-10
2025-10-02 00:30:00,CME_MINI:NQ1!,25043.75,25047.25,25038.0,25043.75,396.0,2025-10
2025-10-02 00:35:00,CME_MINI:NQ1!,25043.0,25043.25,25038.5,25042.0,183.0,2025-10
2025-10-02 00:40:00,CME_MINI:NQ1!,25042.5,25051.25,25040.75,25049.25,300.0,2025-10
2025-10-02 00:45:00,CME_MINI:NQ1!,25049.75,25056.75,25049.75,25054.75,391.0,2025-10
2025-10-02 00:50:00,CME_MINI:NQ1!,25054.25,25063.25,25053.5,25058.75,486.0,2025-10
2025-10-02 00:55:00,CME_MINI:NQ1!,25057.75,25063.5,25057.0,25060.0,255.0,2025-10
2025-10-02 01:00:00,CME_MINI:NQ1!,25060.5,25062.75,25046.5,25051.0,711.0,2025-10
2025-10-02 01:05:00,CME_MINI:NQ1!,25051.0,25059.0,25050.25,25058.75,245.0,2025-10
2025-10-02 01:10:00,CME_MINI:NQ1!,25058.75,25066.0,25055.5,25064.0,448.0,2025-10
2025-10-02 01:15:00,CME_MINI:NQ1!,25064.0,25070.5,25062.5,25068.75,464.0,2025-10
2025-10-02 01:20:00,CME_MINI:NQ1!,25069.25,25071.0,25065.75,25067.5,190.0,2025-10
2025-10-02 01:25:00,CME_MINI:NQ1!,25067.25,25070.75,25066.75,25067.0,173.0,2025-10
2025-10-02 01:30:00,CME_MINI:NQ1!,25068.0,25069.25,25065.0,25066.5,358.0,2025-10
2025-10-02 01:35:00,CME_MINI:NQ1!,25067.0,25068.0,25065.0,25065.25,79.0,2025-10
2025-10-02 01:40:00,CME_MINI:NQ1!,25059.0,25065.0,25056.5,25063.75,199.0,2025-10
2025-10-02 01:45:00,CME_MINI:NQ1!,25064.5,25068.0,25064.25,25067.5,166.0,2025-10
2025-10-02 01:50:00,CME_MINI:NQ1!,25067.5,25076.5,25066.0,25074.5,430.0,2025-10
2025-10-02 01:55:00,CME_MINI:NQ1!,25074.75,25076.5,25067.5,25074.0,416.0,2025-10
2025-10-02 02:00:00,CME_MINI:NQ1!,25074.0,25075.5,25063.75,25065.25,298.0,2025-10
2025-10-02 02:05:00,CME_MINI:NQ1!,25065.75,25066.0,25058.25,25058.75,175.0,2025-10
2025-10-02 02:10:00,CME_MINI:NQ1!,25058.0,25061.25,25055.25,25055.75,235.0,2025-10
2025-10-02 02:15:00,CME_MINI:NQ1!,25055.75,25058.5,25053.5,25056.0,248.0,2025-10
2025-10-02 02:20:00,CME_MINI:NQ1!,25056.5,25056.75,25052.25,25053.75,207.0,2025-10
2025-10-02 02:25:00,CME_MINI:NQ1!,25053.5,25056.0,25052.75,25054.0,86.0,2025-10
2025-10-02 02:30:00,CME_MINI:NQ1!,25054.25,25056.75,25052.5,25055.5,172.0,2025-10
2025-10-02 02:35:00,CME_MINI:NQ1!,25055.0,25055.25,25051.75,25055.0,132.0,2025-10
2025-10-02 02:40:00,CME_MINI:NQ1!,25055.25,25060.75,25054.75,25059.0,305.0,2025-10
2025-10-02 02:45:00,CME_MINI:NQ1!,25058.75,25059.0,25053.75,25055.75,156.0,2025-10
2025-10-02 02:50:00,CME_MINI:NQ1!,25056.0,25060.25,25055.5,25058.25,111.0,2025-10
2025-10-02 02:55:00,CME_MINI:NQ1!,25057.0,25059.5,25052.0,25057.25,209.0,2025-10
2025-10-02 03:00:00,CME_MINI:NQ1!,25058.25,25058.5,25054.5,25055.75,109.0,2025-10
2025-10-02 03:05:00,CME_MINI:NQ1!,25055.25,25055.5,25047.75,25050.5,260.0,2025-10
2025-10-02 03:10:00,CME_MINI:NQ1!,25050.5,25061.25,25050.5,25060.0,271.0,2025-10
2025-10-02 03:15:00,CME_MINI:NQ1!,25059.75,25061.75,25055.25,25059.5,186.0,2025-10
2025-10-02 03:20:00,CME_MINI:NQ1!,25059.75,25066.75,25058.25,25065.25,289.0,2025-10
2025-10-02 03:25:00,CME_MINI:NQ1!,25065.5,25067.5,25050.25,25053.0,406.0,2025-10
2025-10-02 03:30:00,CME_MINI:NQ1!,25052.25,25053.25,25040.0,25051.5,601.0,2025-10
2025-10-02 03:35:00,CME_MINI:NQ1!,25050.75,25053.75,25047.25,25051.5,257.0,2025-10
2025-10-02 03:40:00,CME_MINI:NQ1!,25052.25,25054.75,25051.75,25052.0,145.0,2025-10
2025-10-02 03:45:00,CME_MINI:NQ1!,25052.5,25054.5,25050.25,25053.5,93.0,2025-10
2025-10-02 03:50:00,CME_MINI:NQ1!,25053.5,25057.25,25051.75,25056.25,115.0,2025-10
2025-10-02 03:55:00,CME_MINI:NQ1!,25056.0,25065.75,25055.5,25064.0,443.0,2025-10
2025-10-02 04:00:00,CME_MINI:NQ1!,25064.25,25067.5,25059.0,25062.25,305.0,2025-10
2025-10-02 04:05:00,CME_MINI:NQ1!,25062.75,25074.5,25060.5,25074.5,359.0,2025-10
2025-10-02 04:10:00,CME_MINI:NQ1!,25074.5,25074.5,25067.0,25068.5,263.0,2025-10
2025-10-02 04:15:00,CME_MINI:NQ1!,25067.75,25068.5,25060.75,25062.25,188.0,2025-10
2025-10-02 04:20:00,CME_MINI:NQ1!,25062.5,25064.5,25051.0,25054.0,317.0,2025-10
2025-10-02 04:25:00,CME_MINI:NQ1!,25053.5,25062.25,25052.5,25061.75,182.0,2025-10
2025-10-02 04:30:00,CME_MINI:NQ1!,25062.5,25062.5,25057.75,25059.75,86.0,2025-10
2025-10-02 04:35:00,CME_MINI:NQ1!,25060.25,25061.0,25058.0,25058.25,46.0,2025-10
2025-10-02 04:40:00,CME_MINI:NQ1!,25058.25,25064.25,25057.0,25062.5,161.0,2025-10
2025-10-02 04:45:00,CME_MINI:NQ1!,25063.5,25071.0,25063.5,25065.75,224.0,2025-10
2025-10-02 04:50:00,CME_MINI:NQ1!,25065.5,25066.75,25061.0,25065.25,156.0,2025-10
2025-10-02 04:55:00,CME_MINI:NQ1!,25065.0,25067.5,25063.75,25066.75,100.0,2025-10
2025-10-02 05:00:00,CME_MINI:NQ1!,25067.0,25073.25,25065.75,25070.5,318.0,2025-10
2025-10-02 05:05:00,CME_MINI:NQ1!,25071.0,25072.0,25066.5,25071.75,184.0,2025-10
2025-10-02 05:10:00,CME_MINI:NQ1!,25072.0,25076.25,25069.5,25069.75,221.0,2025-10
2025-10-02 05:15:00,CME_MINI:NQ1!,25070.25,25072.25,25067.25,25068.5,212.0,2025-10
2025-10-02 05:20:00,CME_MINI:NQ1!,25068.5,25069.25,25064.0,25066.0,150.0,2025-10
2025-10-02 05:25:00,CME_MINI:NQ1!,25065.25,25067.75,25061.25,25066.75,175.0,2025-10
2025-10-02 05:30:00,CME_MINI:NQ1!,25067.5,25070.0,25064.0,25068.25,204.0,2025-10
2025-10-02 05:35:00,CME_MINI:NQ1!,25068.75,25072.25,25067.5,25069.25,121.0,2025-10
2025-10-02 05:40:00,CME_MINI:NQ1!,25068.25,25068.75,25065.5,25066.5,113.0,2025-10
2025-10-02 05:45:00,CME_MINI:NQ1!,25066.5,25068.25,25065.75,25067.0,64.0,2025-10
2025-10-02 05:50:00,CME_MINI:NQ1!,25067.5,25074.75,25067.5,25074.25,233.0,2025-10
2025-10-02 05:55:00,CME_MINI:NQ1!,25075.0,25075.0,25068.25,25069.25,196.0,2025-10
2025-10-02 06:00:00,CME_MINI:NQ1!,25069.25,25076.25,25063.0,25067.5,412.0,2025-10
2025-10-02 06:05:00,CME_MINI:NQ1!,25067.0,25069.5,25059.75,25060.0,317.0,2025-10
2025-10-02 06:10:00,CME_MINI:NQ1!,25060.25,25065.75,25058.75,25065.0,245.0,2025-10
2025-10-02 06:15:00,CME_MINI:NQ1!,25064.5,25064.75,25059.75,25062.25,154.0,2025-10
2025-10-02 06:20:00,CME_MINI:NQ1!,25062.25,25063.0,25057.75,25060.0,160.0,2025-10
2025-10-02 06:25:00,CME_MINI:NQ1!,25059.25,25065.0,25057.75,25062.75,207.0,2025-10
2025-10-02 06:30:00,CME_MINI:NQ1!,25062.25,25069.5,25062.0,25063.75,238.0,2025-10
2025-10-02 06:35:00,CME_MINI:NQ1!,25062.75,25064.0,25057.0,25061.0,168.0,2025-10
2025-10-02 06:40:00,CME_MINI:NQ1!,25060.0,25072.5,25056.5,25072.5,261.0,2025-10
2025-10-02 06:45:00,CME_MINI:NQ1!,25071.75,25073.0,25060.0,25065.0,364.0,2025-10
2025-10-02 06:50:00,CME_MINI:NQ1!,25064.25,25066.0,25058.75,25063.0,124.0,2025-10
2025-10-02 06:55:00,CME_MINI:NQ1!,25062.25,25065.25,25059.25,25063.0,172.0,2025-10
2025-10-02 07:00:00,CME_MINI:NQ1!,25061.25,25073.5,25053.75,25069.25,666.0,2025-10
2025-10-02 07:05:00,CME_MINI:NQ1!,25069.75,25080.25,25066.75,25077.0,1103.0,2025-10
2025-10-02 07:10:00,CME_MINI:NQ1!,25076.75,25086.5,25075.75,25083.0,687.0,2025-10
2025-10-02 07:15:00,CME_MINI:NQ1!,25083.0,25086.0,25077.0,25077.75,487.0,2025-10
2025-10-02 07:20:00,CME_MINI:NQ1!,25077.5,25082.25,25068.75,25073.75,618.0,2025-10
2025-10-02 07:25:00,CME_MINI:NQ1!,25073.25,25079.75,25068.5,25072.75,441.0,2025-10
2025-10-02 07:30:00,CME_MINI:NQ1!,25072.25,25079.75,25067.25,25068.25,484.0,2025-10
2025-10-02 07:35:00,CME_MINI:NQ1!,25068.0,25088.0,25063.5,25082.0,797.0,2025-10
2025-10-02 07:40:00,CME_MINI:NQ1!,25082.25,25085.5,25076.0,25077.0,343.0,2025-10
2025-10-02 07:45:00,CME_MINI:NQ1!,25076.0,25084.25,25075.0,25080.25,314.0,2025-10
2025-10-02 07:50:00,CME_MINI:NQ1!,25081.0,25083.75,25074.5,25080.25,213.0,2025-10
2025-10-02 07:55:00,CME_MINI:NQ1!,25079.75,25081.0,25076.5,25077.5,331.0,2025-10
2025-10-02 08:00:00,CME_MINI:NQ1!,25076.75,25098.25,25073.75,25097.25,847.0,2025-10
2025-10-02 08:05:00,CME_MINI:NQ1!,25097.75,25107.5,25093.5,25105.5,1304.0,2025-10
2025-10-02 08:10:00,CME_MINI:NQ1!,25104.75,25109.0,25090.5,25091.5,802.0,2025-10
2025-10-02 08:15:00,CME_MINI:NQ1!,25091.25,25106.5,25091.0,25103.25,500.0,2025-10
2025-10-02 08:20:00,CME_MINI:NQ1!,25103.0,25112.5,25101.75,25108.25,472.0,2025-10
2025-10-02 08:25:00,CME_MINI:NQ1!,25107.5,25111.5,25104.25,25110.0,484.0,2025-10
2025-10-02 08:30:00,CME_MINI:NQ1!,25110.25,25111.0,25102.5,25104.25,396.0,2025-10
2025-10-02 08:35:00,CME_MINI:NQ1!,25104.25,25106.25,25100.75,25101.25,258.0,2025-10
2025-10-02 08:40:00,CME_MINI:NQ1!,25101.5,25109.5,25101.0,25104.75,347.0,2025-10
2025-10-02 08:45:00,CME_MINI:NQ1!,25105.5,25106.25,25100.5,25102.25,296.0,2025-10
2025-10-02 08:50:00,CME_MINI:NQ1!,25104.0,25109.5,25102.75,25108.25,212.0,2025-10
2025-10-02 08:55:00,CME_MINI:NQ1!,25108.25,25114.25,25106.5,25113.0,339.0,2025-10
2025-10-02 09:00:00,CME_MINI:NQ1!,25113.75,25113.75,25098.25,25102.5,676.0,2025-10
2025-10-02 09:05:00,CME_MINI:NQ1!,25103.25,25107.25,25101.0,25104.25,260.0,2025-10
2025-10-02 09:10:00,CME_MINI:NQ1!,25104.0,25112.5,25102.75,25106.25,313.0,2025-10
2025-10-02 09:15:00,CME_MINI:NQ1!,25106.25,25117.0,25105.5,25110.75,496.0,2025-10
2025-10-02 09:20:00,CME_MINI:NQ1!,25110.5,25115.5,25104.75,25104.75,466.0,2025-10
2025-10-02 09:25:00,CME_MINI:NQ1!,25104.5,25104.5,25094.5,25094.5,495.0,2025-10
2025-10-02 09:30:00,CME_MINI:NQ1!,25094.25,25094.5,25084.25,25089.75,761.0,2025-10
2025-10-02 09:35:00,CME_MINI:NQ1!,25089.0,25091.25,25077.0,25081.0,594.0,2025-10
2025-10-02 09:40:00,CME_MINI:NQ1!,25081.5,25089.5,25075.75,25089.0,420.0,2025-10
2025-10-02 09:45:00,CME_MINI:NQ1!,25088.5,25095.5,25088.25,25092.0,440.0,2025-10
2025-10-02 09:50:00,CME_MINI:NQ1!,25091.25,25097.0,25090.5,25094.0,268.0,2025-10
2025-10-02 09:55:00,CME_MINI:NQ1!,25094.5,25098.75,25092.75,25096.0,296.0,2025-10
2025-10-02 10:00:00,CME_MINI:NQ1!,25095.0,25124.75,25093.5,25106.5,2270.0,2025-10
2025-10-02 10:05:00,CME_MINI:NQ1!,25106.25,25110.75,25103.5,25108.0,529.0,2025-10
2025-10-02 10:10:00,CME_MINI:NQ1!,25107.25,25109.75,25104.0,25106.0,387.0,2025-10
2025-10-02 10:15:00,CME_MINI:NQ1!,25105.75,25108.75,25103.5,25106.0,298.0,2025-10
2025-10-02 10:20:00,CME_MINI:NQ1!,25106.75,25110.75,25101.25,25107.5,273.0,2025-10
2025-10-02 10:25:00,CME_MINI:NQ1!,25107.5,25111.0,25103.75,25106.75,349.0,2025-10
2025-10-02 10:30:00,CME_MINI:NQ1!,25107.5,25110.5,25105.75,25109.0,282.0,2025-10
2025-10-02 10:35:00,CME_MINI:NQ1!,25109.5,25118.25,25104.75,25117.25,519.0,2025-10
2025-10-02 10:40:00,CME_MINI:NQ1!,25117.0,25118.75,25108.75,25112.5,309.0,2025-10
2025-10-02 10:45:00,CME_MINI:NQ1!,25112.75,25114.25,25107.75,25108.75,301.0,2025-10
2025-10-02 10:50:00,CME_MINI:NQ1!,25109.25,25111.25,25106.0,25110.5,416.0,2025-10
2025-10-02 10:55:00,CME_MINI:NQ1!,25110.25,25112.25,25108.25,25111.0,264.0,2025-10
2025-10-02 11:00:00,CME_MINI:NQ1!,25111.0,25117.25,25107.5,25117.0,535.0,2025-10
2025-10-02 11:05:00,CME_MINI:NQ1!,25116.75,25125.25,25115.0,25124.75,590.0,2025-10
2025-10-02 11:10:00,CME_MINI:NQ1!,25125.25,25135.5,25124.0,25132.5,763.0,2025-10
2025-10-02 11:15:00,CME_MINI:NQ1!,25132.75,25134.5,25128.5,25130.5,456.0,2025-10
2025-10-02 11:20:00,CME_MINI:NQ1!,25131.0,25135.0,25128.5,25132.5,344.0,2025-10
2025-10-02 11:25:00,CME_MINI:NQ1!,25132.5,25135.0,25130.5,25134.25,218.0,2025-10
2025-10-02 11:30:00,CME_MINI:NQ1!,25134.25,25136.25,25130.75,25133.5,333.0,2025-10
2025-10-02 11:35:00,CME_MINI:NQ1!,25133.5,25135.75,25130.25,25135.25,401.0,2025-10
2025-10-02 11:40:00,CME_MINI:NQ1!,25135.5,25140.75,25132.25,25137.25,584.0,2025-10
2025-10-02 11:45:00,CME_MINI:NQ1!,25137.5,25143.5,25133.0,25134.0,913.0,2025-10
2025-10-02 11:50:00,CME_MINI:NQ1!,25134.5,25148.0,25133.25,25145.5,1059.0,2025-10
2025-10-02 11:55:00,CME_MINI:NQ1!,25146.25,25151.0,25144.75,25149.0,935.0,2025-10
2025-10-02 12:00:00,CME_MINI:NQ1!,25149.25,25154.0,25143.25,25151.25,1099.0,2025-10
2025-10-02 12:05:00,CME_MINI:NQ1!,25151.25,25157.25,25149.0,25155.5,756.0,2025-10
2025-10-02 12:10:00,CME_MINI:NQ1!,25155.75,25158.0,25150.5,25156.75,797.0,2025-10
2025-10-02 12:15:00,CME_MINI:NQ1!,25156.5,25161.0,25154.5,25159.75,728.0,2025-10
2025-10-02 12:20:00,CME_MINI:NQ1!,25159.25,25164.25,25158.5,25163.5,587.0,2025-10
2025-10-02 12:25:00,CME_MINI:NQ1!,25163.5,25164.0,25153.75,25155.75,828.0,2025-10
2025-10-02 12:30:00,CME_MINI:NQ1!,25157.0,25161.0,25152.0,25154.5,734.0,2025-10
2025-10-02 12:35:00,CME_MINI:NQ1!,25154.0,25160.0,25151.75,25160.0,472.0,2025-10
2025-10-02 12:40:00,CME_MINI:NQ1!,25160.0,25161.25,25149.0,25150.75,681.0,2025-10
2025-10-02 12:45:00,CME_MINI:NQ1!,25151.25,25156.25,25149.25,25151.25,632.0,2025-10
2025-10-02 12:50:00,CME_MINI:NQ1!,25151.5,25160.25,25149.5,25159.5,679.0,2025-10
2025-10-02 12:55:00,CME_MINI:NQ1!,25159.75,25163.75,25159.0,25162.0,557.0,2025-10
2025-10-02 13:00:00,CME_MINI:NQ1!,25162.0,25177.75,25161.0,25173.75,3509.0,2025-10
2025-10-02 13:05:00,CME_MINI:NQ1!,25173.25,25178.75,25173.0,25174.0,922.0,2025-10
2025-10-02 13:10:00,CME_MINI:NQ1!,25174.25,25174.75,25168.75,25172.5,919.0,2025-10
2025-10-02 13:15:00,CME_MINI:NQ1!,25172.5,25180.0,25171.5,25172.0,1273.0,2025-10
2025-10-02 13:20:00,CME_MINI:NQ1!,25172.25,25173.25,25167.5,25168.75,1307.0,2025-10
2025-10-02 13:25:00,CME_MINI:NQ1!,25169.25,25174.0,25162.5,25165.0,3064.0,2025-10
2025-10-02 13:30:00,CME_MINI:NQ1!,25165.25,25169.0,25113.25,25117.0,15895.0,2025-10
2025-10-02 13:35:00,CME_MINI:NQ1!,25117.0,25129.75,25076.25,25080.5,12596.0,2025-10
2025-10-02 13:40:00,CME_MINI:NQ1!,25081.25,25081.75,25036.25,25048.5,12319.0,2025-10
2025-10-02 13:45:00,CME_MINI:NQ1!,25048.0,25071.5,25025.5,25029.0,12384.0,2025-10
2025-10-02 13:50:00,CME_MINI:NQ1!,25029.5,25059.0,25014.0,25050.75,12084.0,2025-10
2025-10-02 13:55:00,CME_MINI:NQ1!,25050.0,25067.0,25019.5,25062.75,8578.0,2025-10
2025-10-02 14:00:00,CME_MINI:NQ1!,25063.5,25075.5,25041.0,25074.75,8534.0,2025-10
2025-10-02 14:05:00,CME_MINI:NQ1!,25074.75,25081.25,25054.0,25074.75,7170.0,2025-10
2025-10-02 14:10:00,CME_MINI:NQ1!,25074.5,25077.25,25040.75,25060.75,7729.0,2025-10
2025-10-02 14:15:00,CME_MINI:NQ1!,25060.75,25087.0,25057.5,25059.0,5891.0,2025-10
2025-10-02 14:20:00,CME_MINI:NQ1!,25058.5,25086.5,25047.25,25081.25,7298.0,2025-10
2025-10-02 14:25:00,CME_MINI:NQ1!,25081.25,25091.5,25072.0,25075.75,5993.0,2025-10
2025-10-02 14:30:00,CME_MINI:NQ1!,25076.25,25090.75,25058.5,25069.5,6163.0,2025-10
2025-10-02 14:35:00,CME_MINI:NQ1!,25069.5,25088.75,25066.0,25088.5,4531.0,2025-10
2025-10-02 14:40:00,CME_MINI:NQ1!,25088.5,25089.0,25054.0,25063.75,4870.0,2025-10
2025-10-02 14:45:00,CME_MINI:NQ1!,25064.5,25068.25,25026.0,25051.0,8466.0,2025-10
2025-10-02 14:50:00,CME_MINI:NQ1!,25051.25,25052.0,25020.5,25023.25,5303.0,2025-10
2025-10-02 14:55:00,CME_MINI:NQ1!,25022.75,25035.75,25019.0,25021.75,6603.0,2025-10
2025-10-02 15:00:00,CME_MINI:NQ1!,25021.25,25031.75,24993.75,24995.0,8428.0,2025-10
2025-10-02 15:05:00,CME_MINI:NQ1!,24995.5,25039.25,24995.5,25032.5,7138.0,2025-10
2025-10-02 15:10:00,CME_MINI:NQ1!,25032.0,25051.25,25022.0,25032.25,6657.0,2025-10
2025-10-02 15:15:00,CME_MINI:NQ1!,25032.25,25036.0,25023.0,25031.5,4012.0,2025-10
2025-10-02 15:20:00,CME_MINI:NQ1!,25031.5,25052.25,25022.5,25045.0,5178.0,2025-10
2025-10-02 15:25:00,CME_MINI:NQ1!,25044.5,25053.25,25033.0,25042.0,4277.0,2025-10
2025-10-02 15:30:00,CME_MINI:NQ1!,25041.5,25044.0,25025.0,25029.25,4103.0,2025-10
2025-10-02 15:35:00,CME_MINI:NQ1!,25029.5,25033.75,25000.75,25020.5,6236.0,2025-10
2025-10-02 15:40:00,CME_MINI:NQ1!,25020.0,25040.0,25020.0,25026.25,5005.0,2025-10
2025-10-02 15:45:00,CME_MINI:NQ1!,25025.75,25038.5,25016.0,25030.5,4556.0,2025-10
2025-10-02 15:50:00,CME_MINI:NQ1!,25030.75,25063.0,25029.75,25062.75,5942.0,2025-10
2025-10-02 15:55:00,CME_MINI:NQ1!,25062.5,25082.25,25061.5,25077.5,5899.0,2025-10
2025-10-02 16:00:00,CME_MINI:NQ1!,25077.5,25077.75,25062.75,25066.25,5172.0,2025-10
2025-10-02 16:05:00,CME_MINI:NQ1!,25066.0,25066.5,25041.5,25057.25,4961.0,2025-10
2025-10-02 16:10:00,CME_MINI:NQ1!,25057.0,25063.0,25044.0,25060.0,3155.0,2025-10
2025-10-02 16:15:00,CME_MINI:NQ1!,25059.75,25067.5,25054.75,25064.75,2231.0,2025-10
2025-10-02 16:20:00,CME_MINI:NQ1!,25064.5,25071.0,25048.5,25060.75,3738.0,2025-10
2025-10-02 16:25:00,CME_MINI:NQ1!,25060.5,25068.5,25053.5,25061.0,2287.0,2025-10
2025-10-02 16:30:00,CME_MINI:NQ1!,25061.0,25066.0,25054.0,25064.25,2143.0,2025-10
2025-10-02 16:35:00,CME_MINI:NQ1!,25064.25,25069.0,25052.0,25062.0,2428.0,2025-10
2025-10-02 16:40:00,CME_MINI:NQ1!,25062.25,25063.0,25034.0,25050.0,3960.0,2025-10
2025-10-02 16:45:00,CME_MINI:NQ1!,25050.25,25063.75,25048.75,25053.0,2703.0,2025-10
2025-10-02 16:50:00,CME_MINI:NQ1!,25052.75,25078.5,25052.5,25077.75,3679.0,2025-10
2025-10-02 16:55:00,CME_MINI:NQ1!,25077.25,25080.25,25069.75,25077.25,2871.0,2025-10
2025-10-02 17:00:00,CME_MINI:NQ1!,25077.0,25078.25,25059.5,25062.25,2832.0,2025-10
2025-10-02 17:05:00,CME_MINI:NQ1!,25062.25,25079.0,25060.5,25070.0,2472.0,2025-10
2025-10-02 17:10:00,CME_MINI:NQ1!,25070.5,25080.75,25068.0,25078.75,2116.0,2025-10
2025-10-02 17:15:00,CME_MINI:NQ1!,25078.5,25083.5,25073.5,25074.75,2230.0,2025-10
2025-10-02 17:20:00,CME_MINI:NQ1!,25074.5,25089.25,25070.75,25087.5,2500.0,2025-10
2025-10-02 17:25:00,CME_MINI:NQ1!,25087.75,25097.25,25083.75,25087.75,3172.0,2025-10
2025-10-02 17:30:00,CME_MINI:NQ1!,25087.5,25097.75,25080.25,25090.0,3053.0,2025-10
2025-10-02 17:35:00,CME_MINI:NQ1!,25090.5,25095.25,25082.75,25089.25,1842.0,2025-10
2025-10-02 17:40:00,CME_MINI:NQ1!,25089.0,25113.0,25089.0,25098.25,3952.0,2025-10
2025-10-02 17:45:00,CME_MINI:NQ1!,25098.5,25103.25,25087.0,25089.5,3177.0,2025-10
2025-10-02 17:50:00,CME_MINI:NQ1!,25089.25,25094.5,25087.5,25089.0,1671.0,2025-10
2025-10-02 17:55:00,CME_MINI:NQ1!,25089.5,25091.5,25082.25,25085.5,2354.0,2025-10
2025-10-02 18:00:00,CME_MINI:NQ1!,25085.5,25094.25,25079.25,25084.25,2903.0,2025-10
2025-10-02 18:05:00,CME_MINI:NQ1!,25084.25,25095.5,25083.25,25092.25,2316.0,2025-10
2025-10-02 18:10:00,CME_MINI:NQ1!,25092.75,25108.75,25091.5,25104.5,3148.0,2025-10
2025-10-02 18:15:00,CME_MINI:NQ1!,25104.25,25107.0,25098.0,25104.75,1903.0,2025-10
2025-10-02 18:20:00,CME_MINI:NQ1!,25104.25,25112.75,25103.75,25111.25,2455.0,2025-10
2025-10-02 18:25:00,CME_MINI:NQ1!,25111.0,25115.25,25098.5,25106.75,2924.0,2025-10
2025-10-02 18:30:00,CME_MINI:NQ1!,25106.5,25110.0,25099.75,25105.0,2548.0,2025-10
2025-10-02 18:35:00,CME_MINI:NQ1!,25105.25,25110.5,25099.5,25110.0,1822.0,2025-10
2025-10-02 18:40:00,CME_MINI:NQ1!,25110.0,25110.75,25102.0,25108.5,1694.0,2025-10
2025-10-02 18:45:00,CME_MINI:NQ1!,25108.75,25110.5,25101.75,25106.5,1496.0,2025-10
2025-10-02 18:50:00,CME_MINI:NQ1!,25106.75,25110.25,25097.5,25108.25,2221.0,2025-10
2025-10-02 18:55:00,CME_MINI:NQ1!,25108.0,25120.0,25107.25,25112.25,3029.0,2025-10
2025-10-02 19:00:00,CME_MINI:NQ1!,25111.75,25120.75,25109.0,25119.75,2319.0,2025-10
2025-10-02 19:05:00,CME_MINI:NQ1!,25119.5,25122.75,25114.0,25119.5,2531.0,2025-10
2025-10-02 19:10:00,CME_MINI:NQ1!,25119.0,25120.25,25111.5,25115.25,1739.0,2025-10
2025-10-02 19:15:00,CME_MINI:NQ1!,25115.25,25116.5,25109.0,25114.75,1886.0,2025-10
2025-10-02 19:20:00,CME_MINI:NQ1!,25115.25,25118.5,25112.5,25118.0,1384.0,2025-10
2025-10-02 19:25:00,CME_MINI:NQ1!,25117.75,25124.75,25116.0,25121.5,2010.0,2025-10
2025-10-02 19:30:00,CME_MINI:NQ1!,25121.25,25126.5,25116.75,25121.5,2334.0,2025-10
2025-10-02 19:35:00,CME_MINI:NQ1!,25121.25,25122.0,25103.25,25111.5,3399.0,2025-10
2025-10-02 19:40:00,CME_MINI:NQ1!,25111.75,25113.0,25102.25,25111.75,3164.0,2025-10
2025-10-02 19:45:00,CME_MINI:NQ1!,25112.0,25117.0,25107.0,25117.0,2793.0,2025-10
2025-10-02 19:50:00,CME_MINI:NQ1!,25116.75,25121.0,25098.75,25105.0,6199.0,2025-10
2025-10-02 19:55:00,CME_MINI:NQ1!,25105.25,25114.75,25091.0,25109.5,12378.0,2025-10
2025-10-02 20:00:00,CME_MINI:NQ1!,25109.5,25124.75,25108.5,25118.0,4730.0,2025-10
2025-10-02 20:05:00,CME_MINI:NQ1!,25118.0,25125.25,25117.75,25122.5,1388.0,2025-10
2025-10-02 20:10:00,CME_MINI:NQ1!,25122.75,25123.5,25117.75,25119.75,819.0,2025-10
2025-10-02 20:15:00,CME_MINI:NQ1!,25119.75,25120.0,25114.5,25119.0,661.0,2025-10
2025-10-02 20:20:00,CME_MINI:NQ1!,25118.25,25118.5,25113.75,25115.0,426.0,2025-10
2025-10-02 20:25:00,CME_MINI:NQ1!,25114.75,25116.25,25112.25,25113.5,361.0,2025-10
2025-10-02 20:30:00,CME_MINI:NQ1!,25113.5,25115.0,25106.75,25107.5,608.0,2025-10
2025-10-02 20:35:00,CME_MINI:NQ1!,25107.25,25109.25,25101.5,25103.0,1037.0,2025-10
2025-10-02 20:40:00,CME_MINI:NQ1!,25103.0,25103.0,25099.5,25101.25,407.0,2025-10
2025-10-02 20:45:00,CME_MINI:NQ1!,25101.0,25104.75,25100.5,25104.0,508.0,2025-10
2025-10-02 20:50:00,CME_MINI:NQ1!,25104.0,25108.0,25102.5,25107.5,501.0,2025-10
2025-10-02 20:55:00,CME_MINI:NQ1!,25107.25,25110.25,25104.0,25105.0,492.0,2025-10
2025-10-02 22:00:00,CME_MINI:NQ1!,25101.5,25107.75,25095.0,25102.75,564.0,2025-10
2025-10-02 22:05:00,CME_MINI:NQ1!,25103.0,25107.5,25099.75,25103.0,173.0,2025-10
2025-10-02 22:10:00,CME_MINI:NQ1!,25103.25,25106.5,25101.75,25106.5,110.0,2025-10
2025-10-02 22:15:00,CME_MINI:NQ1!,25105.25,25105.75,25098.0,25102.0,170.0,2025-10
2025-10-02 22:20:00,CME_MINI:NQ1!,25101.75,25101.75,25096.5,25097.0,154.0,2025-10
2025-10-02 22:25:00,CME_MINI:NQ1!,25097.0,25098.0,25089.25,25089.5,265.0,2025-10
2025-10-02 22:30:00,CME_MINI:NQ1!,25090.0,25090.5,25076.25,25080.25,525.0,2025-10
2025-10-02 22:35:00,CME_MINI:NQ1!,25080.25,25085.5,25073.0,25084.5,491.0,2025-10
2025-10-02 22:40:00,CME_MINI:NQ1!,25085.5,25097.0,25085.5,25096.75,379.0,2025-10
2025-10-02 22:45:00,CME_MINI:NQ1!,25096.5,25099.5,25091.25,25098.5,243.0,2025-10
2025-10-02 22:50:00,CME_MINI:NQ1!,25099.25,25105.5,25098.5,25104.25,199.0,2025-10
2025-10-02 22:55:00,CME_MINI:NQ1!,25104.5,25105.0,25100.5,25104.25,245.0,2025-10
2025-10-02 23:00:00,CME_MINI:NQ1!,25103.75,25106.0,25097.25,25098.5,236.0,2025-10
2025-10-02 23:05:00,CME_MINI:NQ1!,25098.25,25105.75,25097.25,25104.5,128.0,2025-10
2025-10-02 23:10:00,CME_MINI:NQ1!,25105.0,25115.5,25105.0,25115.0,527.0,2025-10
2025-10-02 23:15:00,CME_MINI:NQ1!,25115.25,25117.0,25110.25,25110.25,187.0,2025-10
2025-10-02 23:20:00,CME_MINI:NQ1!,25111.25,25114.75,25109.5,25114.25,126.0,2025-10
2025-10-02 23:25:00,CME_MINI:NQ1!,25113.25,25118.0,25112.0,25116.75,148.0,2025-10
2025-10-02 23:30:00,CME_MINI:NQ1!,25117.5,25120.0,25115.0,25118.75,193.0,2025-10
2025-10-02 23:35:00,CME_MINI:NQ1!,25118.25,25120.0,25115.5,25118.0,84.0,2025-10
2025-10-02 23:40:00,CME_MINI:NQ1!,25118.5,25123.25,25117.75,25119.75,224.0,2025-10
2025-10-02 23:45:00,CME_MINI:NQ1!,25119.75,25120.25,25114.25,25117.0,174.0,2025-10
2025-10-02 23:50:00,CME_MINI:NQ1!,25117.5,25122.0,25116.75,25122.0,181.0,2025-10
2025-10-02 23:55:00,CME_MINI:NQ1!,25121.25,25125.0,25119.5,25123.25,238.0,2025-10
2025-10-03 00:00:00,CME_MINI:NQ1!,25124.5,25125.75,25116.0,25117.75,383.0,2025-10
2025-10-03 00:05:00,CME_MINI:NQ1!,25117.25,25129.5,25117.0,25126.0,391.0,2025-10
2025-10-03 00:10:00,CME_MINI:NQ1!,25125.75,25135.0,25124.5,25126.5,516.0,2025-10
2025-10-03 00:15:00,CME_MINI:NQ1!,25125.75,25133.0,25123.5,25131.5,204.0,2025-10
2025-10-03 00:20:00,CME_MINI:NQ1!,25131.0,25136.5,25130.75,25133.25,255.0,2025-10
2025-10-03 00:25:00,CME_MINI:NQ1!,25132.5,25134.75,25131.0,25133.75,161.0,2025-10
2025-10-03 00:30:00,CME_MINI:NQ1!,25133.75,25140.0,25130.75,25138.75,219.0,2025-10
2025-10-03 00:35:00,CME_MINI:NQ1!,25139.25,25149.5,25138.0,25146.5,579.0,2025-10
2025-10-03 00:40:00,CME_MINI:NQ1!,25146.0,25150.75,25144.0,25148.75,436.0,2025-10
2025-10-03 00:45:00,CME_MINI:NQ1!,25148.0,25152.75,25145.75,25149.5,352.0,2025-10
2025-10-03 00:50:00,CME_MINI:NQ1!,25149.5,25155.75,25149.5,25152.75,287.0,2025-10
2025-10-03 00:55:00,CME_MINI:NQ1!,25152.75,25157.5,25145.25,25146.75,598.0,2025-10
2025-10-03 01:00:00,CME_MINI:NQ1!,25146.25,25148.75,25140.75,25142.75,358.0,2025-10
2025-10-03 01:05:00,CME_MINI:NQ1!,25143.0,25147.5,25137.75,25142.75,478.0,2025-10
2025-10-03 01:10:00,CME_MINI:NQ1!,25143.75,25148.75,25142.25,25142.25,292.0,2025-10
2025-10-03 01:15:00,CME_MINI:NQ1!,25143.25,25145.75,25137.25,25144.5,229.0,2025-10
2025-10-03 01:20:00,CME_MINI:NQ1!,25144.0,25145.25,25138.75,25143.0,106.0,2025-10
2025-10-03 01:25:00,CME_MINI:NQ1!,25143.0,25145.0,25140.25,25142.75,126.0,2025-10
2025-10-03 01:30:00,CME_MINI:NQ1!,25143.0,25147.5,25140.5,25146.75,151.0,2025-10
2025-10-03 01:35:00,CME_MINI:NQ1!,25146.75,25150.0,25145.5,25148.5,88.0,2025-10
2025-10-03 01:40:00,CME_MINI:NQ1!,25150.5,25158.0,25149.5,25156.0,314.0,2025-10
2025-10-03 01:45:00,CME_MINI:NQ1!,25156.25,25159.25,25154.25,25159.0,256.0,2025-10
2025-10-03 01:50:00,CME_MINI:NQ1!,25159.25,25162.0,25157.0,25160.5,381.0,2025-10
2025-10-03 01:55:00,CME_MINI:NQ1!,25160.0,25161.75,25156.5,25160.75,196.0,2025-10
2025-10-03 02:00:00,CME_MINI:NQ1!,25161.25,25161.75,25154.75,25155.25,270.0,2025-10
2025-10-03 02:05:00,CME_MINI:NQ1!,25155.5,25155.75,25147.0,25152.0,455.0,2025-10
2025-10-03 02:10:00,CME_MINI:NQ1!,25151.75,25152.0,25146.25,25150.5,218.0,2025-10
2025-10-03 02:15:00,CME_MINI:NQ1!,25151.0,25156.25,25150.5,25153.75,235.0,2025-10
2025-10-03 02:20:00,CME_MINI:NQ1!,25154.5,25156.5,25152.25,25154.75,64.0,2025-10
2025-10-03 02:25:00,CME_MINI:NQ1!,25153.75,25158.0,25151.75,25156.5,215.0,2025-10
2025-10-03 02:30:00,CME_MINI:NQ1!,25156.5,25161.0,25154.25,25159.25,180.0,2025-10
2025-10-03 02:35:00,CME_MINI:NQ1!,25160.25,25164.0,25159.0,25161.75,217.0,2025-10
2025-10-03 02:40:00,CME_MINI:NQ1!,25162.5,25164.0,25160.5,25161.75,148.0,2025-10
2025-10-03 02:45:00,CME_MINI:NQ1!,25160.5,25162.5,25154.5,25155.75,208.0,2025-10
2025-10-03 02:50:00,CME_MINI:NQ1!,25155.25,25159.25,25152.5,25158.5,135.0,2025-10
2025-10-03 02:55:00,CME_MINI:NQ1!,25158.75,25160.25,25156.0,25158.0,93.0,2025-10
2025-10-03 03:00:00,CME_MINI:NQ1!,25156.75,25158.75,25155.5,25157.75,90.0,2025-10
2025-10-03 03:05:00,CME_MINI:NQ1!,25157.25,25162.75,25156.5,25161.75,141.0,2025-10
2025-10-03 03:10:00,CME_MINI:NQ1!,25161.25,25161.75,25157.5,25158.5,122.0,2025-10
2025-10-03 03:15:00,CME_MINI:NQ1!,25158.0,25159.25,25156.5,25158.0,59.0,2025-10
2025-10-03 03:20:00,CME_MINI:NQ1!,25158.5,25159.0,25156.0,25157.5,117.0,2025-10
2025-10-03 03:25:00,CME_MINI:NQ1!,25156.75,25159.5,25156.75,25157.5,80.0,2025-10
2025-10-03 03:30:00,CME_MINI:NQ1!,25156.75,25160.25,25155.5,25159.5,96.0,2025-10
2025-10-03 03:35:00,CME_MINI:NQ1!,25159.5,25161.75,25156.75,25160.25,225.0,2025-10
2025-10-03 03:40:00,CME_MINI:NQ1!,25161.0,25162.25,25159.5,25160.25,66.0,2025-10
2025-10-03 03:45:00,CME_MINI:NQ1!,25161.0,25174.0,25158.75,25170.25,429.0,2025-10
2025-10-03 03:50:00,CME_MINI:NQ1!,25170.5,25175.25,25169.25,25171.5,362.0,2025-10
2025-10-03 03:55:00,CME_MINI:NQ1!,25171.0,25173.0,25169.25,25170.5,119.0,2025-10
2025-10-03 04:00:00,CME_MINI:NQ1!,25169.25,25172.5,25168.5,25171.5,118.0,2025-10
2025-10-03 04:05:00,CME_MINI:NQ1!,25172.25,25176.75,25172.0,25174.25,182.0,2025-10
2025-10-03 04:10:00,CME_MINI:NQ1!,25173.75,25174.0,25170.75,25171.75,167.0,2025-10
2025-10-03 04:15:00,CME_MINI:NQ1!,25171.0,25171.5,25167.25,25167.5,117.0,2025-10
2025-10-03 04:20:00,CME_MINI:NQ1!,25168.25,25170.25,25167.0,25168.5,63.0,2025-10
2025-10-03 04:25:00,CME_MINI:NQ1!,25168.0,25170.25,25166.25,25169.0,102.0,2025-10
2025-10-03 04:30:00,CME_MINI:NQ1!,25169.5,25172.25,25167.5,25172.0,101.0,2025-10
2025-10-03 04:35:00,CME_MINI:NQ1!,25171.75,25172.25,25170.0,25170.25,64.0,2025-10
2025-10-03 04:40:00,CME_MINI:NQ1!,25170.25,25175.25,25170.0,25174.25,94.0,2025-10
2025-10-03 04:45:00,CME_MINI:NQ1!,25174.75,25174.75,25171.5,25172.5,66.0,2025-10
2025-10-03 04:50:00,CME_MINI:NQ1!,25172.5,25172.75,25170.25,25171.25,41.0,2025-10
2025-10-03 04:55:00,CME_MINI:NQ1!,25171.75,25175.25,25170.75,25174.25,121.0,2025-10
2025-10-03 05:00:00,CME_MINI:NQ1!,25173.75,25176.0,25172.75,25173.25,140.0,2025-10
2025-10-03 05:05:00,CME_MINI:NQ1!,25173.75,25182.5,25173.5,25180.5,702.0,2025-10
2025-10-03 05:10:00,CME_MINI:NQ1!,25181.25,25184.0,25178.25,25181.25,224.0,2025-10
2025-10-03 05:15:00,CME_MINI:NQ1!,25180.25,25181.0,25175.5,25179.0,151.0,2025-10
2025-10-03 05:20:00,CME_MINI:NQ1!,25179.25,25183.5,25178.5,25183.25,119.0,2025-10
2025-10-03 05:25:00,CME_MINI:NQ1!,25183.75,25187.5,25183.75,25187.0,158.0,2025-10
2025-10-03 05:30:00,CME_MINI:NQ1!,25186.75,25189.25,25185.75,25188.25,197.0,2025-10
2025-10-03 05:35:00,CME_MINI:NQ1!,25188.0,25189.75,25186.75,25187.75,176.0,2025-10
2025-10-03 05:40:00,CME_MINI:NQ1!,25188.0,25192.0,25187.25,25190.5,206.0,2025-10
2025-10-03 05:45:00,CME_MINI:NQ1!,25190.0,25191.25,25177.5,25179.0,440.0,2025-10
2025-10-03 05:50:00,CME_MINI:NQ1!,25179.5,25182.0,25179.25,25181.0,165.0,2025-10
2025-10-03 05:55:00,CME_MINI:NQ1!,25180.25,25180.25,25171.0,25171.0,238.0,2025-10
2025-10-03 06:00:00,CME_MINI:NQ1!,25171.5,25172.0,25156.0,25162.5,809.0,2025-10
2025-10-03 06:05:00,CME_MINI:NQ1!,25162.5,25169.75,25161.0,25168.75,298.0,2025-10
2025-10-03 06:10:00,CME_MINI:NQ1!,25169.25,25181.25,25168.75,25174.25,500.0,2025-10
2025-10-03 06:15:00,CME_MINI:NQ1!,25174.0,25178.75,25172.5,25178.0,139.0,2025-10
2025-10-03 06:20:00,CME_MINI:NQ1!,25177.25,25182.25,25176.5,25179.25,162.0,2025-10
2025-10-03 06:25:00,CME_MINI:NQ1!,25179.5,25181.75,25177.75,25181.0,160.0,2025-10
2025-10-03 06:30:00,CME_MINI:NQ1!,25180.5,25189.0,25180.5,25186.25,279.0,2025-10
2025-10-03 06:35:00,CME_MINI:NQ1!,25187.0,25191.75,25186.75,25190.25,269.0,2025-10
2025-10-03 06:40:00,CME_MINI:NQ1!,25190.0,25190.5,25181.25,25181.25,371.0,2025-10
2025-10-03 06:45:00,CME_MINI:NQ1!,25181.75,25181.75,25176.5,25179.25,259.0,2025-10
2025-10-03 06:50:00,CME_MINI:NQ1!,25179.75,25188.25,25178.5,25185.75,194.0,2025-10
2025-10-03 06:55:00,CME_MINI:NQ1!,25186.75,25187.75,25183.0,25183.0,143.0,2025-10
2025-10-03 07:00:00,CME_MINI:NQ1!,25183.5,25189.0,25179.5,25188.0,304.0,2025-10
2025-10-03 07:05:00,CME_MINI:NQ1!,25188.0,25193.75,25180.0,25180.75,618.0,2025-10
2025-10-03 07:10:00,CME_MINI:NQ1!,25181.0,25185.5,25178.25,25181.25,289.0,2025-10
2025-10-03 07:15:00,CME_MINI:NQ1!,25181.0,25187.0,25180.25,25184.0,181.0,2025-10
2025-10-03 07:20:00,CME_MINI:NQ1!,25184.25,25188.5,25178.5,25180.25,231.0,2025-10
2025-10-03 07:25:00,CME_MINI:NQ1!,25180.0,25181.0,25175.0,25178.5,240.0,2025-10
2025-10-03 07:30:00,CME_MINI:NQ1!,25177.5,25180.5,25175.5,25179.25,169.0,2025-10
2025-10-03 07:35:00,CME_MINI:NQ1!,25178.75,25179.25,25172.5,25176.5,293.0,2025-10
2025-10-03 07:40:00,CME_MINI:NQ1!,25176.5,25185.5,25176.5,25180.0,257.0,2025-10
2025-10-03 07:45:00,CME_MINI:NQ1!,25179.75,25183.5,25177.75,25180.75,121.0,2025-10
2025-10-03 07:50:00,CME_MINI:NQ1!,25181.5,25186.25,25179.25,25179.25,220.0,2025-10
2025-10-03 07:55:00,CME_MINI:NQ1!,25179.5,25183.25,25175.0,25181.75,159.0,2025-10
2025-10-03 08:00:00,CME_MINI:NQ1!,25181.5,25185.5,25175.25,25181.75,521.0,2025-10
2025-10-03 08:05:00,CME_MINI:NQ1!,25182.0,25185.25,25177.0,25180.25,259.0,2025-10
2025-10-03 08:10:00,CME_MINI:NQ1!,25181.25,25182.25,25175.5,25182.0,217.0,2025-10
2025-10-03 08:15:00,CME_MINI:NQ1!,25182.25,25185.75,25173.25,25177.75,336.0,2025-10
2025-10-03 08:20:00,CME_MINI:NQ1!,25177.5,25181.0,25175.0,25181.0,167.0,2025-10
2025-10-03 08:25:00,CME_MINI:NQ1!,25181.0,25182.5,25177.5,25180.5,145.0,2025-10
2025-10-03 08:30:00,CME_MINI:NQ1!,25179.0,25181.25,25175.5,25175.5,170.0,2025-10
2025-10-03 08:35:00,CME_MINI:NQ1!,25175.25,25179.25,25173.25,25178.25,213.0,2025-10
2025-10-03 08:40:00,CME_MINI:NQ1!,25178.0,25179.25,25176.0,25178.0,179.0,2025-10
2025-10-03 08:45:00,CME_MINI:NQ1!,25177.5,25181.75,25175.75,25179.0,157.0,2025-10
2025-10-03 08:50:00,CME_MINI:NQ1!,25179.75,25181.0,25177.5,25180.0,93.0,2025-10
2025-10-03 08:55:00,CME_MINI:NQ1!,25180.0,25183.25,25178.25,25183.0,129.0,2025-10
2025-10-03 09:00:00,CME_MINI:NQ1!,25183.25,25186.75,25175.5,25175.75,326.0,2025-10
2025-10-03 09:05:00,CME_MINI:NQ1!,25175.75,25183.5,25175.75,25181.25,156.0,2025-10
2025-10-03 09:10:00,CME_MINI:NQ1!,25180.75,25184.75,25179.5,25180.25,134.0,2025-10
2025-10-03 09:15:00,CME_MINI:NQ1!,25180.25,25181.25,25172.75,25173.0,170.0,2025-10
2025-10-03 09:20:00,CME_MINI:NQ1!,25173.5,25178.75,25171.75,25177.25,324.0,2025-10
2025-10-03 09:25:00,CME_MINI:NQ1!,25177.0,25177.75,25174.75,25175.75,85.0,2025-10
2025-10-03 09:30:00,CME_MINI:NQ1!,25176.25,25180.25,25174.5,25179.75,155.0,2025-10
2025-10-03 09:35:00,CME_MINI:NQ1!,25180.5,25184.0,25178.0,25183.5,212.0,2025-10
2025-10-03 09:40:00,CME_MINI:NQ1!,25183.75,25184.75,25177.5,25179.75,313.0,2025-10
2025-10-03 09:45:00,CME_MINI:NQ1!,25179.5,25184.75,25178.5,25184.25,170.0,2025-10
2025-10-03 09:50:00,CME_MINI:NQ1!,25184.75,25186.0,25183.25,25186.0,139.0,2025-10
2025-10-03 09:55:00,CME_MINI:NQ1!,25186.0,25193.0,25185.75,25192.75,348.0,2025-10
2025-10-03 10:00:00,CME_MINI:NQ1!,25192.75,25196.0,25189.25,25191.75,480.0,2025-10
2025-10-03 10:05:00,CME_MINI:NQ1!,25192.0,25196.5,25188.5,25188.5,296.0,2025-10
2025-10-03 10:10:00,CME_MINI:NQ1!,25189.25,25190.5,25183.25,25188.0,219.0,2025-10
2025-10-03 10:15:00,CME_MINI:NQ1!,25188.0,25189.25,25182.75,25184.75,192.0,2025-10
2025-10-03 10:20:00,CME_MINI:NQ1!,25184.25,25185.25,25180.0,25183.25,326.0,2025-10
2025-10-03 10:25:00,CME_MINI:NQ1!,25183.25,25183.5,25177.75,25178.5,159.0,2025-10
2025-10-03 10:30:00,CME_MINI:NQ1!,25178.5,25181.0,25170.25,25170.75,228.0,2025-10
2025-10-03 10:35:00,CME_MINI:NQ1!,25170.5,25170.5,25157.5,25162.75,567.0,2025-10
2025-10-03 10:40:00,CME_MINI:NQ1!,25162.75,25172.25,25162.75,25169.5,322.0,2025-10
2025-10-03 10:45:00,CME_MINI:NQ1!,25169.5,25173.0,25169.0,25169.0,180.0,2025-10
2025-10-03 10:50:00,CME_MINI:NQ1!,25169.5,25172.25,25168.0,25169.0,145.0,2025-10
2025-10-03 10:55:00,CME_MINI:NQ1!,25169.0,25169.75,25161.25,25161.75,236.0,2025-10
2025-10-03 11:00:00,CME_MINI:NQ1!,25162.25,25171.0,25160.25,25161.75,402.0,2025-10
2025-10-03 11:05:00,CME_MINI:NQ1!,25162.0,25168.5,25160.25,25165.0,181.0,2025-10
2025-10-03 11:10:00,CME_MINI:NQ1!,25165.0,25166.25,25152.5,25158.25,421.0,2025-10
2025-10-03 11:15:00,CME_MINI:NQ1!,25158.25,25161.75,25148.5,25152.5,483.0,2025-10
2025-10-03 11:20:00,CME_MINI:NQ1!,25153.0,25156.5,25147.25,25148.75,422.0,2025-10
2025-10-03 11:25:00,CME_MINI:NQ1!,25149.0,25152.0,25140.25,25144.75,548.0,2025-10
2025-10-03 11:30:00,CME_MINI:NQ1!,25144.75,25146.5,25136.0,25136.75,750.0,2025-10
2025-10-03 11:35:00,CME_MINI:NQ1!,25137.0,25148.0,25131.25,25147.25,950.0,2025-10
2025-10-03 11:40:00,CME_MINI:NQ1!,25146.75,25158.25,25145.75,25157.25,950.0,2025-10
2025-10-03 11:45:00,CME_MINI:NQ1!,25157.25,25162.0,25153.25,25159.75,542.0,2025-10
2025-10-03 11:50:00,CME_MINI:NQ1!,25159.5,25163.75,25137.75,25137.75,979.0,2025-10
2025-10-03 11:55:00,CME_MINI:NQ1!,25137.5,25147.0,25128.25,25137.0,1041.0,2025-10
2025-10-03 12:00:00,CME_MINI:NQ1!,25137.25,25144.25,25132.0,25142.0,785.0,2025-10
2025-10-03 12:05:00,CME_MINI:NQ1!,25141.75,25146.0,25137.25,25139.0,454.0,2025-10
2025-10-03 12:10:00,CME_MINI:NQ1!,25139.5,25148.25,25135.5,25142.75,498.0,2025-10
2025-10-03 12:15:00,CME_MINI:NQ1!,25142.25,25146.0,25137.5,25138.75,292.0,2025-10
2025-10-03 12:20:00,CME_MINI:NQ1!,25138.75,25142.0,25129.0,25131.0,686.0,2025-10
2025-10-03 12:25:00,CME_MINI:NQ1!,25130.5,25138.25,25127.0,25136.5,556.0,2025-10
2025-10-03 12:30:00,CME_MINI:NQ1!,25138.0,25145.5,25134.75,25134.75,774.0,2025-10
2025-10-03 12:35:00,CME_MINI:NQ1!,25134.5,25135.75,25122.0,25132.5,1294.0,2025-10
2025-10-03 12:40:00,CME_MINI:NQ1!,25132.75,25133.75,25113.75,25114.25,1159.0,2025-10
2025-10-03 12:45:00,CME_MINI:NQ1!,25114.75,25117.75,25103.0,25112.0,1801.0,2025-10
2025-10-03 12:50:00,CME_MINI:NQ1!,25112.75,25121.75,25105.25,25121.0,917.0,2025-10
2025-10-03 12:55:00,CME_MINI:NQ1!,25121.0,25127.0,25116.5,25120.25,1109.0,2025-10
2025-10-03 13:00:00,CME_MINI:NQ1!,25119.75,25122.75,25115.5,25118.75,731.0,2025-10
2025-10-03 13:05:00,CME_MINI:NQ1!,25118.25,25129.25,25117.25,25127.0,749.0,2025-10
2025-10-03 13:10:00,CME_MINI:NQ1!,25127.0,25127.25,25120.25,25122.0,514.0,2025-10
2025-10-03 13:15:00,CME_MINI:NQ1!,25122.25,25126.5,25118.0,25125.25,643.0,2025-10
2025-10-03 13:20:00,CME_MINI:NQ1!,25125.0,25130.25,25121.0,25127.75,1120.0,2025-10
2025-10-03 13:25:00,CME_MINI:NQ1!,25127.5,25137.75,25126.5,25133.0,2889.0,2025-10
2025-10-03 13:30:00,CME_MINI:NQ1!,25133.5,25165.0,25120.75,25145.25,12645.0,2025-10
2025-10-03 13:35:00,CME_MINI:NQ1!,25145.5,25161.5,25132.25,25159.5,6842.0,2025-10
2025-10-03 13:40:00,CME_MINI:NQ1!,25159.0,25165.5,25113.5,25132.5,9819.0,2025-10
2025-10-03 13:45:00,CME_MINI:NQ1!,25133.75,25158.0,25125.5,25151.5,5476.0,2025-10
2025-10-03 13:50:00,CME_MINI:NQ1!,25151.5,25168.0,25135.5,25137.5,6479.0,2025-10
2025-10-03 13:55:00,CME_MINI:NQ1!,25137.5,25138.25,25100.75,25105.75,7442.0,2025-10
2025-10-03 14:00:00,CME_MINI:NQ1!,25105.75,25108.5,25064.75,25085.5,11608.0,2025-10
2025-10-03 14:05:00,CME_MINI:NQ1!,25085.5,25088.75,25051.0,25073.75,8302.0,2025-10
2025-10-03 14:10:00,CME_MINI:NQ1!,25074.0,25087.5,25057.0,25076.0,6929.0,2025-10
2025-10-03 14:15:00,CME_MINI:NQ1!,25076.0,25100.75,25071.5,25074.5,6943.0,2025-10
2025-10-03 14:20:00,CME_MINI:NQ1!,25074.5,25083.5,25059.25,25079.0,5730.0,2025-10
2025-10-03 14:25:00,CME_MINI:NQ1!,25079.0,25109.0,25072.0,25090.25,7679.0,2025-10
2025-10-03 14:30:00,CME_MINI:NQ1!,25090.0,25099.75,25078.75,25093.75,4278.0,2025-10
2025-10-03 14:35:00,CME_MINI:NQ1!,25094.0,25116.5,25087.25,25109.0,5868.0,2025-10
2025-10-03 14:40:00,CME_MINI:NQ1!,25109.25,25128.75,25105.25,25110.5,6749.0,2025-10
2025-10-03 14:45:00,CME_MINI:NQ1!,25110.75,25119.0,25096.25,25099.75,4864.0,2025-10
2025-10-03 14:50:00,CME_MINI:NQ1!,25099.75,25121.5,25091.25,25120.25,5170.0,2025-10
2025-10-03 14:55:00,CME_MINI:NQ1!,25120.25,25123.25,25112.0,25116.75,3805.0,2025-10
2025-10-03 15:00:00,CME_MINI:NQ1!,25117.0,25118.5,25103.25,25107.5,4185.0,2025-10
2025-10-03 15:05:00,CME_MINI:NQ1!,25107.0,25122.5,25102.0,25110.25,4180.0,2025-10
2025-10-03 15:10:00,CME_MINI:NQ1!,25110.0,25126.5,25099.25,25125.5,3621.0,2025-10
2025-10-03 15:15:00,CME_MINI:NQ1!,25124.75,25132.5,25123.25,25130.25,4046.0,2025-10
2025-10-03 15:20:00,CME_MINI:NQ1!,25130.75,25142.5,25124.25,25142.25,4040.0,2025-10
2025-10-03 15:25:00,CME_MINI:NQ1!,25141.5,25142.5,25125.5,25134.25,4517.0,2025-10
2025-10-03 15:30:00,CME_MINI:NQ1!,25133.75,25139.5,25123.75,25128.25,2861.0,2025-10
2025-10-03 15:35:00,CME_MINI:NQ1!,25128.25,25138.25,25119.25,25120.25,3246.0,2025-10
2025-10-03 15:40:00,CME_MINI:NQ1!,25120.5,25121.25,25104.0,25119.75,5083.0,2025-10
2025-10-03 15:45:00,CME_MINI:NQ1!,25120.25,25127.25,25112.25,25123.25,3238.0,2025-10
2025-10-03 15:50:00,CME_MINI:NQ1!,25123.0,25137.0,25122.75,25137.0,4002.0,2025-10
2025-10-03 15:55:00,CME_MINI:NQ1!,25136.5,25152.0,25133.0,25145.25,4343.0,2025-10
2025-10-03 16:00:00,CME_MINI:NQ1!,25144.75,25150.25,25140.5,25148.0,2317.0,2025-10
2025-10-03 16:05:00,CME_MINI:NQ1!,25148.5,25156.0,25142.25,25144.0,2938.0,2025-10
2025-10-03 16:10:00,CME_MINI:NQ1!,25144.25,25145.5,25134.5,25144.0,2405.0,2025-10
2025-10-03 16:15:00,CME_MINI:NQ1!,25144.0,25150.5,25141.0,25150.25,1983.0,2025-10
2025-10-03 16:20:00,CME_MINI:NQ1!,25150.25,25151.75,25135.25,25137.0,1937.0,2025-10
2025-10-03 16:25:00,CME_MINI:NQ1!,25137.25,25145.0,25128.0,25143.0,2813.0,2025-10
2025-10-03 16:30:00,CME_MINI:NQ1!,25142.25,25144.75,25138.25,25142.0,1377.0,2025-10
2025-10-03 16:35:00,CME_MINI:NQ1!,25142.5,25143.75,25126.75,25127.25,2122.0,2025-10
2025-10-03 16:40:00,CME_MINI:NQ1!,25127.0,25129.5,25116.25,25119.75,3127.0,2025-10
2025-10-03 16:45:00,CME_MINI:NQ1!,25120.0,25129.5,25117.25,25121.0,2040.0,2025-10
2025-10-03 16:50:00,CME_MINI:NQ1!,25120.25,25124.25,25108.0,25120.0,4063.0,2025-10
2025-10-03 16:55:00,CME_MINI:NQ1!,25120.0,25126.25,25111.75,25118.0,2584.0,2025-10
2025-10-03 17:00:00,CME_MINI:NQ1!,25117.5,25117.5,25030.75,25051.0,13050.0,2025-10
2025-10-03 17:05:00,CME_MINI:NQ1!,25051.25,25068.75,25023.0,25066.25,11626.0,2025-10
2025-10-03 17:10:00,CME_MINI:NQ1!,25066.25,25094.75,25053.25,25081.0,6030.0,2025-10
2025-10-03 17:15:00,CME_MINI:NQ1!,25080.75,25080.75,25045.0,25046.75,6127.0,2025-10
2025-10-03 17:20:00,CME_MINI:NQ1!,25046.5,25054.0,25028.0,25035.0,6517.0,2025-10
2025-10-03 17:25:00,CME_MINI:NQ1!,25035.5,25044.5,25022.25,25026.75,5198.0,2025-10
2025-10-03 17:30:00,CME_MINI:NQ1!,25026.25,25059.25,25014.5,25038.75,7833.0,2025-10
2025-10-03 17:35:00,CME_MINI:NQ1!,25038.25,25047.0,25028.5,25039.75,3916.0,2025-10
2025-10-03 17:40:00,CME_MINI:NQ1!,25039.25,25043.0,25001.75,25009.0,5982.0,2025-10
2025-10-03 17:45:00,CME_MINI:NQ1!,25009.25,25015.75,24978.75,24989.5,8052.0,2025-10
2025-10-03 17:50:00,CME_MINI:NQ1!,24988.75,24990.75,24923.75,24926.75,11063.0,2025-10
2025-10-03 17:55:00,CME_MINI:NQ1!,24926.5,24983.75,24923.25,24973.5,9378.0,2025-10
2025-10-03 18:00:00,CME_MINI:NQ1!,24973.5,24980.0,24939.0,24940.5,7511.0,2025-10
2025-10-03 18:05:00,CME_MINI:NQ1!,24940.0,24957.5,24926.0,24945.25,6154.0,2025-10
2025-10-03 18:10:00,CME_MINI:NQ1!,24945.75,24986.75,24942.0,24973.25,5801.0,2025-10
2025-10-03 18:15:00,CME_MINI:NQ1!,24973.25,25010.5,24970.5,25006.75,5855.0,2025-10
2025-10-03 18:20:00,CME_MINI:NQ1!,25006.75,25026.0,24992.25,25020.5,5566.0,2025-10
2025-10-03 18:25:00,CME_MINI:NQ1!,25020.0,25044.5,25017.25,25038.25,5899.0,2025-10
2025-10-03 18:30:00,CME_MINI:NQ1!,25037.75,25042.0,24994.0,25012.5,7424.0,2025-10
2025-10-03 18:35:00,CME_MINI:NQ1!,25011.5,25019.5,25001.25,25010.25,3588.0,2025-10
2025-10-03 18:40:00,CME_MINI:NQ1!,25010.5,25021.25,25001.0,25012.0,2783.0,2025-10
2025-10-03 18:45:00,CME_MINI:NQ1!,25012.25,25012.75,24985.25,24987.0,4076.0,2025-10
2025-10-03 18:50:00,CME_MINI:NQ1!,24987.0,24998.25,24979.0,24995.75,4478.0,2025-10
2025-10-03 18:55:00,CME_MINI:NQ1!,24996.0,25013.25,24994.75,25009.0,4271.0,2025-10
2025-10-03 19:00:00,CME_MINI:NQ1!,25008.5,25017.25,24996.5,25003.5,3921.0,2025-10
2025-10-03 19:05:00,CME_MINI:NQ1!,25003.75,25014.5,24997.5,25009.5,2843.0,2025-10
2025-10-03 19:10:00,CME_MINI:NQ1!,25009.75,25030.0,25007.0,25011.0,3852.0,2025-10
2025-10-03 19:15:00,CME_MINI:NQ1!,25011.0,25017.0,25000.0,25007.75,2882.0,2025-10
2025-10-03 19:20:00,CME_MINI:NQ1!,25008.0,25010.75,24994.75,25000.75,2589.0,2025-10
2025-10-03 19:25:00,CME_MINI:NQ1!,25000.75,25011.75,25000.0,25003.75,2034.0,2025-10
2025-10-03 19:30:00,CME_MINI:NQ1!,25004.25,25017.5,24998.0,25012.0,2509.0,2025-10
2025-10-03 19:35:00,CME_MINI:NQ1!,25012.0,25022.75,25009.25,25012.0,2383.0,2025-10
2025-10-03 19:40:00,CME_MINI:NQ1!,25011.75,25025.75,25010.25,25012.25,2613.0,2025-10
2025-10-03 19:45:00,CME_MINI:NQ1!,25012.75,25021.75,25010.75,25019.0,2370.0,2025-10
2025-10-03 19:50:00,CME_MINI:NQ1!,25018.5,25018.5,24995.25,25006.5,6806.0,2025-10
2025-10-03 19:55:00,CME_MINI:NQ1!,25006.75,25009.25,24980.0,24996.75,12643.0,2025-10
2025-10-03 20:00:00,CME_MINI:NQ1!,24996.75,25006.5,24975.0,24977.5,5323.0,2025-10
2025-10-03 20:05:00,CME_MINI:NQ1!,24977.5,24985.25,24973.75,24977.5,1690.0,2025-10
2025-10-03 20:10:00,CME_MINI:NQ1!,24977.25,24982.75,24975.75,24982.25,837.0,2025-10
2025-10-03 20:15:00,CME_MINI:NQ1!,24981.5,24984.0,24976.75,24978.25,472.0,2025-10
2025-10-03 20:20:00,CME_MINI:NQ1!,24978.5,24981.0,24976.5,24980.0,291.0,2025-10
2025-10-03 20:25:00,CME_MINI:NQ1!,24980.5,24982.5,24975.75,24982.25,540.0,2025-10
2025-10-03 20:30:00,CME_MINI:NQ1!,24982.25,24986.5,24981.5,24983.75,490.0,2025-10
2025-10-03 20:35:00,CME_MINI:NQ1!,24984.25,24986.5,24982.0,24984.25,237.0,2025-10
2025-10-03 20:40:00,CME_MINI:NQ1!,24984.0,24987.75,24983.75,24985.75,262.0,2025-10
2025-10-03 20:45:00,CME_MINI:NQ1!,24985.5,24985.75,24979.5,24980.5,370.0,2025-10
2025-10-03 20:50:00,CME_MINI:NQ1!,24980.5,24985.75,24977.5,24985.75,393.0,2025-10
2025-10-03 20:55:00,CME_MINI:NQ1!,24985.0,24985.0,24981.5,24982.0,322.0,2025-10
