datetime,symbol,open,high,low,close,volume,year_month
2026-07-01 00:00:00,CME_MINI:NQ1!,30535.25,30553.75,30522.25,30536.75,1296.0,2026-07
2026-07-01 00:05:00,CME_MINI:NQ1!,30534.75,30540.0,30514.75,30530.25,788.0,2026-07
2026-07-01 00:10:00,CME_MINI:NQ1!,30531.75,30545.0,30524.25,30528.25,861.0,2026-07
2026-07-01 00:15:00,CME_MINI:NQ1!,30531.0,30540.0,30518.5,30519.0,506.0,2026-07
2026-07-01 00:20:00,CME_MINI:NQ1!,30520.25,30532.0,30508.75,30515.75,726.0,2026-07
2026-07-01 00:25:00,CME_MINI:NQ1!,30513.75,30540.75,30507.0,30536.5,745.0,2026-07
2026-07-01 00:30:00,CME_MINI:NQ1!,30536.75,30549.25,30532.0,30541.0,536.0,2026-07
2026-07-01 00:35:00,CME_MINI:NQ1!,30541.5,30547.0,30527.5,30541.75,587.0,2026-07
2026-07-01 00:40:00,CME_MINI:NQ1!,30544.0,30548.25,30535.25,30538.0,234.0,2026-07
2026-07-01 00:45:00,CME_MINI:NQ1!,30539.75,30544.75,30533.0,30543.25,195.0,2026-07
2026-07-01 00:50:00,CME_MINI:NQ1!,30542.75,30547.0,30530.0,30530.75,366.0,2026-07
2026-07-01 00:55:00,CME_MINI:NQ1!,30531.25,30537.0,30523.75,30524.0,336.0,2026-07
2026-07-01 01:00:00,CME_MINI:NQ1!,30523.75,30530.25,30510.0,30510.0,576.0,2026-07
2026-07-01 01:05:00,CME_MINI:NQ1!,30509.75,30518.5,30496.25,30501.5,733.0,2026-07
2026-07-01 01:10:00,CME_MINI:NQ1!,30501.75,30502.0,30471.75,30497.25,1417.0,2026-07
2026-07-01 01:15:00,CME_MINI:NQ1!,30500.0,30506.75,30466.75,30484.75,1437.0,2026-07
2026-07-01 01:20:00,CME_MINI:NQ1!,30483.5,30498.0,30476.0,30485.75,663.0,2026-07
2026-07-01 01:25:00,CME_MINI:NQ1!,30485.0,30495.25,30478.5,30486.0,598.0,2026-07
2026-07-01 01:30:00,CME_MINI:NQ1!,30486.5,30504.0,30470.75,30476.25,837.0,2026-07
2026-07-01 01:35:00,CME_MINI:NQ1!,30477.0,30486.5,30468.0,30480.25,660.0,2026-07
2026-07-01 01:40:00,CME_MINI:NQ1!,30479.0,30484.25,30469.5,30474.75,447.0,2026-07
2026-07-01 01:45:00,CME_MINI:NQ1!,30474.75,30483.0,30456.0,30464.25,749.0,2026-07
2026-07-01 01:50:00,CME_MINI:NQ1!,30464.25,30467.0,30452.0,30463.25,462.0,2026-07
2026-07-01 01:55:00,CME_MINI:NQ1!,30462.0,30479.25,30450.5,30453.5,633.0,2026-07
2026-07-01 02:00:00,CME_MINI:NQ1!,30453.5,30456.25,30428.75,30430.25,771.0,2026-07
2026-07-01 02:05:00,CME_MINI:NQ1!,30430.5,30430.5,30395.75,30406.5,1026.0,2026-07
2026-07-01 02:10:00,CME_MINI:NQ1!,30405.25,30413.5,30386.5,30392.5,961.0,2026-07
2026-07-01 02:15:00,CME_MINI:NQ1!,30391.25,30409.5,30367.75,30405.0,1221.0,2026-07
2026-07-01 02:20:00,CME_MINI:NQ1!,30405.25,30417.25,30394.0,30409.75,731.0,2026-07
2026-07-01 02:25:00,CME_MINI:NQ1!,30410.75,30423.0,30403.25,30421.0,419.0,2026-07
2026-07-01 02:30:00,CME_MINI:NQ1!,30421.25,30428.0,30408.25,30408.25,596.0,2026-07
2026-07-01 02:35:00,CME_MINI:NQ1!,30410.0,30423.25,30409.25,30420.5,234.0,2026-07
2026-07-01 02:40:00,CME_MINI:NQ1!,30419.5,30446.0,30417.0,30440.0,760.0,2026-07
2026-07-01 02:45:00,CME_MINI:NQ1!,30440.75,30442.25,30428.75,30435.75,362.0,2026-07
2026-07-01 02:50:00,CME_MINI:NQ1!,30433.5,30439.25,30424.75,30437.5,263.0,2026-07
2026-07-01 02:55:00,CME_MINI:NQ1!,30437.75,30442.5,30434.5,30438.5,202.0,2026-07
2026-07-01 03:00:00,CME_MINI:NQ1!,30438.5,30448.25,30432.75,30437.25,440.0,2026-07
2026-07-01 03:05:00,CME_MINI:NQ1!,30439.75,30455.25,30438.0,30453.25,400.0,2026-07
2026-07-01 03:10:00,CME_MINI:NQ1!,30453.75,30465.0,30450.75,30462.25,318.0,2026-07
2026-07-01 03:15:00,CME_MINI:NQ1!,30461.75,30466.0,30435.75,30447.25,500.0,2026-07
2026-07-01 03:20:00,CME_MINI:NQ1!,30447.5,30448.0,30431.75,30435.0,398.0,2026-07
2026-07-01 03:25:00,CME_MINI:NQ1!,30434.75,30445.5,30429.5,30437.25,370.0,2026-07
2026-07-01 03:30:00,CME_MINI:NQ1!,30439.5,30448.0,30431.75,30442.25,284.0,2026-07
2026-07-01 03:35:00,CME_MINI:NQ1!,30443.75,30465.75,30443.75,30464.75,489.0,2026-07
2026-07-01 03:40:00,CME_MINI:NQ1!,30463.0,30468.0,30446.0,30448.75,354.0,2026-07
2026-07-01 03:45:00,CME_MINI:NQ1!,30450.25,30469.75,30449.75,30468.0,281.0,2026-07
2026-07-01 03:50:00,CME_MINI:NQ1!,30468.75,30477.75,30467.75,30470.0,274.0,2026-07
2026-07-01 03:55:00,CME_MINI:NQ1!,30469.75,30470.0,30461.0,30467.0,254.0,2026-07
2026-07-01 04:00:00,CME_MINI:NQ1!,30467.25,30467.5,30442.0,30452.25,446.0,2026-07
2026-07-01 04:05:00,CME_MINI:NQ1!,30451.25,30458.75,30447.75,30451.0,210.0,2026-07
2026-07-01 04:10:00,CME_MINI:NQ1!,30451.0,30454.5,30443.25,30444.25,212.0,2026-07
2026-07-01 04:15:00,CME_MINI:NQ1!,30436.5,30441.75,30431.0,30436.0,303.0,2026-07
2026-07-01 04:20:00,CME_MINI:NQ1!,30435.5,30453.5,30429.0,30442.5,412.0,2026-07
2026-07-01 04:25:00,CME_MINI:NQ1!,30442.5,30456.0,30439.0,30451.0,282.0,2026-07
2026-07-01 04:30:00,CME_MINI:NQ1!,30452.25,30456.75,30449.25,30454.25,192.0,2026-07
2026-07-01 04:35:00,CME_MINI:NQ1!,30453.75,30453.75,30432.75,30440.0,250.0,2026-07
2026-07-01 04:40:00,CME_MINI:NQ1!,30439.75,30460.75,30438.0,30451.25,242.0,2026-07
2026-07-01 04:45:00,CME_MINI:NQ1!,30454.25,30469.75,30454.25,30466.25,287.0,2026-07
2026-07-01 04:50:00,CME_MINI:NQ1!,30467.0,30474.5,30464.0,30470.75,233.0,2026-07
2026-07-01 04:55:00,CME_MINI:NQ1!,30470.0,30472.75,30441.5,30443.5,362.0,2026-07
2026-07-01 05:00:00,CME_MINI:NQ1!,30445.75,30448.5,30435.5,30446.25,262.0,2026-07
2026-07-01 05:05:00,CME_MINI:NQ1!,30445.75,30463.0,30444.75,30449.75,193.0,2026-07
2026-07-01 05:10:00,CME_MINI:NQ1!,30450.0,30450.0,30440.0,30446.5,220.0,2026-07
2026-07-01 05:15:00,CME_MINI:NQ1!,30444.25,30450.75,30440.0,30448.25,214.0,2026-07
2026-07-01 05:20:00,CME_MINI:NQ1!,30448.0,30448.0,30429.25,30440.25,415.0,2026-07
2026-07-01 05:25:00,CME_MINI:NQ1!,30440.0,30441.25,30429.75,30436.75,238.0,2026-07
2026-07-01 05:30:00,CME_MINI:NQ1!,30436.0,30446.75,30428.0,30434.0,314.0,2026-07
2026-07-01 05:35:00,CME_MINI:NQ1!,30435.25,30437.5,30422.25,30435.25,302.0,2026-07
2026-07-01 05:40:00,CME_MINI:NQ1!,30436.75,30452.25,30431.25,30436.5,391.0,2026-07
2026-07-01 05:45:00,CME_MINI:NQ1!,30435.5,30445.25,30425.0,30426.0,262.0,2026-07
2026-07-01 05:50:00,CME_MINI:NQ1!,30425.25,30440.75,30424.0,30431.5,158.0,2026-07
2026-07-01 05:55:00,CME_MINI:NQ1!,30430.25,30439.0,30428.0,30429.5,179.0,2026-07
2026-07-01 06:00:00,CME_MINI:NQ1!,30430.0,30444.0,30410.25,30415.5,873.0,2026-07
2026-07-01 06:05:00,CME_MINI:NQ1!,30415.0,30426.0,30409.75,30416.0,669.0,2026-07
2026-07-01 06:10:00,CME_MINI:NQ1!,30415.5,30427.25,30405.0,30408.25,510.0,2026-07
2026-07-01 06:15:00,CME_MINI:NQ1!,30408.0,30416.5,30391.25,30392.0,1053.0,2026-07
2026-07-01 06:20:00,CME_MINI:NQ1!,30391.5,30398.0,30379.5,30382.0,656.0,2026-07
2026-07-01 06:25:00,CME_MINI:NQ1!,30381.5,30397.75,30364.5,30395.0,1243.0,2026-07
2026-07-01 06:30:00,CME_MINI:NQ1!,30396.0,30410.0,30392.5,30394.75,602.0,2026-07
2026-07-01 06:35:00,CME_MINI:NQ1!,30394.0,30399.0,30388.0,30395.0,383.0,2026-07
2026-07-01 06:40:00,CME_MINI:NQ1!,30392.5,30407.25,30383.5,30407.25,652.0,2026-07
2026-07-01 06:45:00,CME_MINI:NQ1!,30407.25,30419.75,30401.25,30414.0,659.0,2026-07
2026-07-01 06:50:00,CME_MINI:NQ1!,30414.0,30416.5,30396.5,30397.5,509.0,2026-07
2026-07-01 06:55:00,CME_MINI:NQ1!,30397.5,30397.5,30381.0,30391.5,587.0,2026-07
2026-07-01 07:00:00,CME_MINI:NQ1!,30391.75,30394.75,30358.0,30369.5,1398.0,2026-07
2026-07-01 07:05:00,CME_MINI:NQ1!,30370.25,30373.5,30345.5,30353.75,1050.0,2026-07
2026-07-01 07:10:00,CME_MINI:NQ1!,30353.0,30354.5,30328.0,30334.25,1070.0,2026-07
2026-07-01 07:15:00,CME_MINI:NQ1!,30334.0,30338.75,30299.0,30322.0,1503.0,2026-07
2026-07-01 07:20:00,CME_MINI:NQ1!,30321.75,30352.25,30302.5,30348.75,1157.0,2026-07
2026-07-01 07:25:00,CME_MINI:NQ1!,30346.75,30358.5,30344.0,30350.0,675.0,2026-07
2026-07-01 07:30:00,CME_MINI:NQ1!,30350.0,30363.75,30345.0,30359.5,505.0,2026-07
2026-07-01 07:35:00,CME_MINI:NQ1!,30359.75,30369.25,30349.75,30364.75,725.0,2026-07
2026-07-01 07:40:00,CME_MINI:NQ1!,30364.5,30366.75,30354.75,30356.0,280.0,2026-07
2026-07-01 07:45:00,CME_MINI:NQ1!,30357.25,30376.5,30348.0,30374.5,698.0,2026-07
2026-07-01 07:50:00,CME_MINI:NQ1!,30375.25,30380.5,30358.25,30374.75,559.0,2026-07
2026-07-01 07:55:00,CME_MINI:NQ1!,30375.25,30383.75,30370.25,30374.0,351.0,2026-07
2026-07-01 08:00:00,CME_MINI:NQ1!,30374.75,30376.75,30338.25,30339.25,1027.0,2026-07
2026-07-01 08:05:00,CME_MINI:NQ1!,30339.25,30365.0,30333.75,30354.0,844.0,2026-07
2026-07-01 08:10:00,CME_MINI:NQ1!,30353.0,30363.25,30344.5,30358.5,511.0,2026-07
2026-07-01 08:15:00,CME_MINI:NQ1!,30357.0,30367.25,30350.75,30354.5,426.0,2026-07
2026-07-01 08:20:00,CME_MINI:NQ1!,30354.75,30361.5,30333.25,30345.0,492.0,2026-07
2026-07-01 08:25:00,CME_MINI:NQ1!,30344.25,30353.0,30321.75,30331.0,630.0,2026-07
2026-07-01 08:30:00,CME_MINI:NQ1!,30330.25,30344.25,30317.5,30338.25,376.0,2026-07
2026-07-01 08:35:00,CME_MINI:NQ1!,30340.0,30347.5,30330.25,30346.25,449.0,2026-07
2026-07-01 08:40:00,CME_MINI:NQ1!,30346.25,30366.25,30341.0,30359.0,517.0,2026-07
2026-07-01 08:45:00,CME_MINI:NQ1!,30358.0,30359.75,30345.5,30350.0,209.0,2026-07
2026-07-01 08:50:00,CME_MINI:NQ1!,30350.25,30376.0,30347.5,30372.75,300.0,2026-07
2026-07-01 08:55:00,CME_MINI:NQ1!,30373.25,30378.0,30364.5,30377.0,259.0,2026-07
2026-07-01 09:00:00,CME_MINI:NQ1!,30376.25,30377.75,30346.25,30350.75,462.0,2026-07
2026-07-01 09:05:00,CME_MINI:NQ1!,30351.5,30362.75,30347.5,30349.25,353.0,2026-07
2026-07-01 09:10:00,CME_MINI:NQ1!,30351.25,30360.0,30338.75,30349.5,366.0,2026-07
2026-07-01 09:15:00,CME_MINI:NQ1!,30349.25,30361.5,30349.25,30357.25,252.0,2026-07
2026-07-01 09:20:00,CME_MINI:NQ1!,30357.5,30363.75,30352.0,30355.75,200.0,2026-07
2026-07-01 09:25:00,CME_MINI:NQ1!,30356.0,30356.0,30344.0,30354.5,230.0,2026-07
2026-07-01 09:30:00,CME_MINI:NQ1!,30354.5,30365.0,30347.5,30361.0,145.0,2026-07
2026-07-01 09:35:00,CME_MINI:NQ1!,30362.5,30364.5,30355.0,30358.25,92.0,2026-07
2026-07-01 09:40:00,CME_MINI:NQ1!,30359.75,30363.5,30352.25,30359.0,122.0,2026-07
2026-07-01 09:45:00,CME_MINI:NQ1!,30359.25,30373.0,30359.0,30369.25,218.0,2026-07
2026-07-01 09:50:00,CME_MINI:NQ1!,30371.75,30382.0,30366.0,30378.5,313.0,2026-07
2026-07-01 09:55:00,CME_MINI:NQ1!,30377.75,30386.25,30376.25,30385.0,291.0,2026-07
2026-07-01 10:00:00,CME_MINI:NQ1!,30384.75,30389.75,30374.25,30378.5,410.0,2026-07
2026-07-01 10:05:00,CME_MINI:NQ1!,30376.75,30380.0,30366.75,30370.25,372.0,2026-07
2026-07-01 10:10:00,CME_MINI:NQ1!,30368.5,30369.0,30351.75,30361.25,581.0,2026-07
2026-07-01 10:15:00,CME_MINI:NQ1!,30363.5,30381.5,30360.0,30379.25,289.0,2026-07
2026-07-01 10:20:00,CME_MINI:NQ1!,30379.5,30395.25,30379.5,30387.5,440.0,2026-07
2026-07-01 10:25:00,CME_MINI:NQ1!,30386.75,30397.5,30380.25,30395.0,484.0,2026-07
2026-07-01 10:30:00,CME_MINI:NQ1!,30394.5,30396.0,30385.25,30393.75,270.0,2026-07
2026-07-01 10:35:00,CME_MINI:NQ1!,30394.25,30401.0,30388.75,30393.0,316.0,2026-07
2026-07-01 10:40:00,CME_MINI:NQ1!,30393.0,30397.5,30364.25,30387.25,977.0,2026-07
2026-07-01 10:45:00,CME_MINI:NQ1!,30386.75,30397.25,30384.0,30395.75,250.0,2026-07
2026-07-01 10:50:00,CME_MINI:NQ1!,30395.0,30406.75,30394.5,30405.0,382.0,2026-07
2026-07-01 10:55:00,CME_MINI:NQ1!,30404.75,30414.5,30402.0,30407.75,601.0,2026-07
2026-07-01 11:00:00,CME_MINI:NQ1!,30406.75,30428.0,30406.75,30425.0,720.0,2026-07
2026-07-01 11:05:00,CME_MINI:NQ1!,30424.5,30435.25,30416.0,30422.25,553.0,2026-07
2026-07-01 11:10:00,CME_MINI:NQ1!,30421.75,30434.0,30409.25,30413.0,643.0,2026-07
2026-07-01 11:15:00,CME_MINI:NQ1!,30414.25,30419.75,30406.0,30408.25,457.0,2026-07
2026-07-01 11:20:00,CME_MINI:NQ1!,30407.0,30411.0,30396.75,30403.25,521.0,2026-07
2026-07-01 11:25:00,CME_MINI:NQ1!,30402.5,30414.75,30396.25,30398.75,360.0,2026-07
2026-07-01 11:30:00,CME_MINI:NQ1!,30399.0,30402.0,30387.0,30389.25,485.0,2026-07
2026-07-01 11:35:00,CME_MINI:NQ1!,30387.25,30396.0,30375.5,30383.25,607.0,2026-07
2026-07-01 11:40:00,CME_MINI:NQ1!,30382.75,30398.0,30373.75,30396.75,729.0,2026-07
2026-07-01 11:45:00,CME_MINI:NQ1!,30395.75,30396.75,30369.5,30372.25,607.0,2026-07
2026-07-01 11:50:00,CME_MINI:NQ1!,30371.75,30376.25,30356.0,30359.0,698.0,2026-07
2026-07-01 11:55:00,CME_MINI:NQ1!,30358.0,30367.5,30355.0,30362.75,526.0,2026-07
2026-07-01 12:00:00,CME_MINI:NQ1!,30363.0,30373.75,30340.0,30341.25,878.0,2026-07
2026-07-01 12:05:00,CME_MINI:NQ1!,30340.5,30357.25,30332.5,30355.75,753.0,2026-07
2026-07-01 12:10:00,CME_MINI:NQ1!,30356.5,30369.0,30349.5,30358.25,700.0,2026-07
2026-07-01 12:15:00,CME_MINI:NQ1!,30359.75,30384.5,30359.75,30379.5,807.0,2026-07
2026-07-01 12:20:00,CME_MINI:NQ1!,30379.5,30387.75,30369.25,30387.75,553.0,2026-07
2026-07-01 12:25:00,CME_MINI:NQ1!,30386.75,30386.75,30363.5,30369.5,866.0,2026-07
2026-07-01 12:30:00,CME_MINI:NQ1!,30368.5,30395.0,30297.25,30300.0,4275.0,2026-07
2026-07-01 12:35:00,CME_MINI:NQ1!,30299.0,30320.0,30262.75,30263.5,4141.0,2026-07
2026-07-01 12:40:00,CME_MINI:NQ1!,30263.25,30295.0,30243.75,30271.5,3930.0,2026-07
2026-07-01 12:45:00,CME_MINI:NQ1!,30271.5,30283.5,30240.5,30249.25,2595.0,2026-07
2026-07-01 12:50:00,CME_MINI:NQ1!,30252.25,30287.25,30233.25,30246.5,2912.0,2026-07
2026-07-01 12:55:00,CME_MINI:NQ1!,30248.75,30285.0,30233.5,30268.75,2759.0,2026-07
2026-07-01 13:00:00,CME_MINI:NQ1!,30267.75,30307.0,30266.0,30290.25,2531.0,2026-07
2026-07-01 13:05:00,CME_MINI:NQ1!,30289.75,30293.5,30250.5,30259.75,1976.0,2026-07
2026-07-01 13:10:00,CME_MINI:NQ1!,30262.75,30274.0,30240.0,30254.25,1563.0,2026-07
2026-07-01 13:15:00,CME_MINI:NQ1!,30254.5,30314.5,30247.25,30284.0,2610.0,2026-07
2026-07-01 13:20:00,CME_MINI:NQ1!,30284.5,30297.75,30276.25,30289.0,1333.0,2026-07
2026-07-01 13:25:00,CME_MINI:NQ1!,30289.5,30292.0,30213.0,30235.5,5952.0,2026-07
2026-07-01 13:30:00,CME_MINI:NQ1!,30235.75,30260.0,30104.75,30117.5,23252.0,2026-07
2026-07-01 13:35:00,CME_MINI:NQ1!,30117.25,30162.5,30087.75,30114.5,14004.0,2026-07
2026-07-01 13:40:00,CME_MINI:NQ1!,30114.5,30184.75,30097.5,30141.25,11890.0,2026-07
2026-07-01 13:45:00,CME_MINI:NQ1!,30141.75,30226.25,30111.75,30204.5,13189.0,2026-07
2026-07-01 13:50:00,CME_MINI:NQ1!,30205.5,30260.0,30188.5,30231.0,7970.0,2026-07
2026-07-01 13:55:00,CME_MINI:NQ1!,30231.75,30285.0,30217.25,30283.75,6787.0,2026-07
2026-07-01 14:00:00,CME_MINI:NQ1!,30280.0,30307.5,30244.25,30263.25,8266.0,2026-07
2026-07-01 14:05:00,CME_MINI:NQ1!,30263.5,30316.75,30257.0,30296.75,6201.0,2026-07
2026-07-01 14:10:00,CME_MINI:NQ1!,30296.5,30327.25,30279.75,30287.5,6095.0,2026-07
2026-07-01 14:15:00,CME_MINI:NQ1!,30287.0,30314.75,30250.75,30302.5,6185.0,2026-07
2026-07-01 14:20:00,CME_MINI:NQ1!,30302.0,30313.5,30272.75,30294.0,4414.0,2026-07
2026-07-01 14:25:00,CME_MINI:NQ1!,30293.0,30312.0,30268.5,30284.75,3730.0,2026-07
2026-07-01 14:30:00,CME_MINI:NQ1!,30284.5,30289.25,30218.0,30235.5,7545.0,2026-07
2026-07-01 14:35:00,CME_MINI:NQ1!,30236.5,30264.75,30203.5,30264.25,6395.0,2026-07
2026-07-01 14:40:00,CME_MINI:NQ1!,30264.25,30272.0,30202.0,30202.0,5949.0,2026-07
2026-07-01 14:45:00,CME_MINI:NQ1!,30201.75,30204.0,30137.25,30195.0,8179.0,2026-07
2026-07-01 14:50:00,CME_MINI:NQ1!,30194.0,30242.25,30189.5,30214.75,5383.0,2026-07
2026-07-01 14:55:00,CME_MINI:NQ1!,30215.0,30220.75,30144.5,30192.25,6476.0,2026-07
2026-07-01 15:00:00,CME_MINI:NQ1!,30193.0,30271.0,30186.0,30260.5,6273.0,2026-07
2026-07-01 15:05:00,CME_MINI:NQ1!,30261.0,30270.25,30202.25,30226.75,5238.0,2026-07
2026-07-01 15:10:00,CME_MINI:NQ1!,30226.75,30265.0,30204.25,30261.75,4599.0,2026-07
2026-07-01 15:15:00,CME_MINI:NQ1!,30262.25,30315.0,30262.25,30298.0,5380.0,2026-07
2026-07-01 15:20:00,CME_MINI:NQ1!,30298.5,30334.75,30298.5,30303.0,4880.0,2026-07
2026-07-01 15:25:00,CME_MINI:NQ1!,30302.0,30346.0,30294.75,30343.25,4615.0,2026-07
2026-07-01 15:30:00,CME_MINI:NQ1!,30342.5,30356.5,30315.0,30318.5,4524.0,2026-07
2026-07-01 15:35:00,CME_MINI:NQ1!,30317.75,30327.75,30285.25,30296.5,3916.0,2026-07
2026-07-01 15:40:00,CME_MINI:NQ1!,30297.5,30318.75,30278.25,30291.25,3564.0,2026-07
2026-07-01 15:45:00,CME_MINI:NQ1!,30291.5,30296.5,30246.25,30251.75,3873.0,2026-07
2026-07-01 15:50:00,CME_MINI:NQ1!,30251.75,30272.5,30236.0,30237.25,3939.0,2026-07
2026-07-01 15:55:00,CME_MINI:NQ1!,30238.0,30268.25,30228.0,30254.75,3559.0,2026-07
2026-07-01 16:00:00,CME_MINI:NQ1!,30255.0,30278.25,30235.0,30243.25,3409.0,2026-07
2026-07-01 16:05:00,CME_MINI:NQ1!,30244.0,30267.0,30232.5,30239.5,2445.0,2026-07
2026-07-01 16:10:00,CME_MINI:NQ1!,30239.5,30261.5,30223.25,30242.25,2866.0,2026-07
2026-07-01 16:15:00,CME_MINI:NQ1!,30241.25,30260.75,30217.25,30256.25,3069.0,2026-07
2026-07-01 16:20:00,CME_MINI:NQ1!,30256.0,30284.25,30248.0,30267.0,2692.0,2026-07
2026-07-01 16:25:00,CME_MINI:NQ1!,30267.75,30274.25,30243.75,30245.75,2173.0,2026-07
2026-07-01 16:30:00,CME_MINI:NQ1!,30245.75,30263.0,30237.25,30256.75,2260.0,2026-07
2026-07-01 16:35:00,CME_MINI:NQ1!,30256.75,30256.75,30219.0,30220.0,2069.0,2026-07
2026-07-01 16:40:00,CME_MINI:NQ1!,30220.0,30229.0,30201.75,30223.75,2961.0,2026-07
2026-07-01 16:45:00,CME_MINI:NQ1!,30223.25,30241.5,30203.75,30217.5,2717.0,2026-07
2026-07-01 16:50:00,CME_MINI:NQ1!,30218.0,30229.25,30197.0,30214.5,2890.0,2026-07
2026-07-01 16:55:00,CME_MINI:NQ1!,30214.75,30220.0,30172.75,30190.25,3137.0,2026-07
2026-07-01 17:00:00,CME_MINI:NQ1!,30190.0,30217.5,30171.0,30181.25,3249.0,2026-07
2026-07-01 17:05:00,CME_MINI:NQ1!,30179.5,30193.25,30152.25,30185.25,3901.0,2026-07
2026-07-01 17:10:00,CME_MINI:NQ1!,30184.5,30206.0,30165.5,30198.0,2622.0,2026-07
2026-07-01 17:15:00,CME_MINI:NQ1!,30197.5,30214.0,30188.25,30212.75,2353.0,2026-07
2026-07-01 17:20:00,CME_MINI:NQ1!,30213.25,30235.75,30209.75,30231.0,2331.0,2026-07
2026-07-01 17:25:00,CME_MINI:NQ1!,30230.5,30240.5,30203.75,30210.0,2573.0,2026-07
2026-07-01 17:30:00,CME_MINI:NQ1!,30209.25,30223.5,30186.75,30198.5,2600.0,2026-07
2026-07-01 17:35:00,CME_MINI:NQ1!,30200.5,30210.75,30184.5,30205.5,1927.0,2026-07
2026-07-01 17:40:00,CME_MINI:NQ1!,30206.25,30214.0,30185.5,30188.25,1697.0,2026-07
2026-07-01 17:45:00,CME_MINI:NQ1!,30189.25,30196.5,30168.5,30181.75,2369.0,2026-07
2026-07-01 17:50:00,CME_MINI:NQ1!,30181.75,30207.5,30180.25,30193.5,2143.0,2026-07
2026-07-01 17:55:00,CME_MINI:NQ1!,30193.5,30195.5,30157.5,30163.75,2642.0,2026-07
2026-07-01 18:00:00,CME_MINI:NQ1!,30164.25,30187.75,30158.5,30185.5,2627.0,2026-07
2026-07-01 18:05:00,CME_MINI:NQ1!,30186.5,30187.5,30168.0,30184.25,1596.0,2026-07
2026-07-01 18:10:00,CME_MINI:NQ1!,30184.75,30190.0,30153.5,30155.5,2122.0,2026-07
2026-07-01 18:15:00,CME_MINI:NQ1!,30155.0,30166.25,30137.75,30163.75,3278.0,2026-07
2026-07-01 18:20:00,CME_MINI:NQ1!,30163.75,30176.5,30156.25,30174.75,2271.0,2026-07
2026-07-01 18:25:00,CME_MINI:NQ1!,30175.5,30182.25,30158.75,30159.5,1626.0,2026-07
2026-07-01 18:30:00,CME_MINI:NQ1!,30158.75,30165.75,30143.75,30161.0,2194.0,2026-07
2026-07-01 18:35:00,CME_MINI:NQ1!,30161.0,30174.75,30149.0,30154.25,1928.0,2026-07
2026-07-01 18:40:00,CME_MINI:NQ1!,30154.75,30158.75,30132.5,30145.25,2302.0,2026-07
2026-07-01 18:45:00,CME_MINI:NQ1!,30145.25,30145.5,30109.25,30122.25,3307.0,2026-07
2026-07-01 18:50:00,CME_MINI:NQ1!,30122.75,30135.0,30101.75,30102.75,3087.0,2026-07
2026-07-01 18:55:00,CME_MINI:NQ1!,30102.5,30136.25,30099.0,30132.75,2909.0,2026-07
2026-07-01 19:00:00,CME_MINI:NQ1!,30132.75,30179.5,30127.25,30178.5,3972.0,2026-07
2026-07-01 19:05:00,CME_MINI:NQ1!,30178.75,30217.0,30173.5,30212.5,3922.0,2026-07
2026-07-01 19:10:00,CME_MINI:NQ1!,30213.0,30214.5,30182.0,30186.75,3053.0,2026-07
2026-07-01 19:15:00,CME_MINI:NQ1!,30187.25,30198.0,30168.0,30194.75,2389.0,2026-07
2026-07-01 19:20:00,CME_MINI:NQ1!,30193.75,30210.75,30190.75,30206.5,2394.0,2026-07
2026-07-01 19:25:00,CME_MINI:NQ1!,30207.0,30208.75,30171.5,30190.0,2907.0,2026-07
2026-07-01 19:30:00,CME_MINI:NQ1!,30190.0,30231.5,30190.0,30213.25,3852.0,2026-07
2026-07-01 19:35:00,CME_MINI:NQ1!,30213.25,30213.25,30163.0,30166.5,3277.0,2026-07
2026-07-01 19:40:00,CME_MINI:NQ1!,30166.0,30169.75,30134.25,30143.25,3617.0,2026-07
2026-07-01 19:45:00,CME_MINI:NQ1!,30143.5,30145.5,30122.0,30132.25,3076.0,2026-07
2026-07-01 19:50:00,CME_MINI:NQ1!,30131.75,30161.75,30094.5,30117.5,6937.0,2026-07
2026-07-01 19:55:00,CME_MINI:NQ1!,30117.5,30119.25,30054.0,30080.75,19789.0,2026-07
2026-07-01 20:00:00,CME_MINI:NQ1!,30080.75,30086.25,30008.5,30029.25,11094.0,2026-07
2026-07-01 20:05:00,CME_MINI:NQ1!,30029.75,30055.75,30016.0,30042.75,3836.0,2026-07
2026-07-01 20:10:00,CME_MINI:NQ1!,30042.25,30069.25,30040.5,30060.75,1966.0,2026-07
2026-07-01 20:15:00,CME_MINI:NQ1!,30060.25,30060.5,30031.75,30033.75,1385.0,2026-07
2026-07-01 20:20:00,CME_MINI:NQ1!,30034.5,30057.75,30026.25,30055.75,843.0,2026-07
2026-07-01 20:25:00,CME_MINI:NQ1!,30056.0,30065.25,30039.0,30052.5,1026.0,2026-07
2026-07-01 20:30:00,CME_MINI:NQ1!,30052.5,30057.75,30033.5,30036.75,775.0,2026-07
2026-07-01 20:35:00,CME_MINI:NQ1!,30036.75,30047.75,30020.5,30047.25,1085.0,2026-07
2026-07-01 20:40:00,CME_MINI:NQ1!,30047.75,30053.75,30041.5,30051.75,613.0,2026-07
2026-07-01 20:45:00,CME_MINI:NQ1!,30052.75,30062.25,30049.0,30055.75,698.0,2026-07
2026-07-01 20:50:00,CME_MINI:NQ1!,30056.0,30057.5,30041.5,30045.75,453.0,2026-07
2026-07-01 20:55:00,CME_MINI:NQ1!,30046.75,30075.0,30043.75,30064.25,621.0,2026-07
2026-07-01 22:00:00,CME_MINI:NQ1!,30089.75,30109.75,30064.0,30071.5,1263.0,2026-07
2026-07-01 22:05:00,CME_MINI:NQ1!,30071.0,30099.5,30064.0,30079.75,622.0,2026-07
2026-07-01 22:10:00,CME_MINI:NQ1!,30080.75,30081.75,30052.25,30052.25,282.0,2026-07
2026-07-01 22:15:00,CME_MINI:NQ1!,30054.5,30068.5,30051.5,30068.5,259.0,2026-07
2026-07-01 22:20:00,CME_MINI:NQ1!,30068.5,30097.0,30068.5,30093.0,611.0,2026-07
2026-07-01 22:25:00,CME_MINI:NQ1!,30094.0,30102.5,30090.75,30094.75,430.0,2026-07
2026-07-01 22:30:00,CME_MINI:NQ1!,30095.0,30113.0,30091.75,30109.25,621.0,2026-07
2026-07-01 22:35:00,CME_MINI:NQ1!,30108.25,30113.0,30101.0,30107.5,318.0,2026-07
2026-07-01 22:40:00,CME_MINI:NQ1!,30108.25,30111.5,30101.0,30102.75,212.0,2026-07
2026-07-01 22:45:00,CME_MINI:NQ1!,30104.75,30106.5,30087.0,30090.5,302.0,2026-07
2026-07-01 22:50:00,CME_MINI:NQ1!,30090.25,30094.5,30081.25,30085.75,229.0,2026-07
2026-07-01 22:55:00,CME_MINI:NQ1!,30085.0,30118.0,30084.25,30107.25,596.0,2026-07
2026-07-01 23:00:00,CME_MINI:NQ1!,30108.25,30111.0,30092.25,30093.5,423.0,2026-07
2026-07-01 23:05:00,CME_MINI:NQ1!,30092.5,30093.75,30075.75,30080.0,460.0,2026-07
2026-07-01 23:10:00,CME_MINI:NQ1!,30081.75,30087.5,30060.75,30063.5,484.0,2026-07
2026-07-01 23:15:00,CME_MINI:NQ1!,30063.0,30068.5,30054.0,30059.5,336.0,2026-07
2026-07-01 23:20:00,CME_MINI:NQ1!,30059.5,30069.0,30054.25,30057.25,478.0,2026-07
2026-07-01 23:25:00,CME_MINI:NQ1!,30058.75,30068.75,30058.25,30067.25,197.0,2026-07
2026-07-01 23:30:00,CME_MINI:NQ1!,30068.75,30068.75,30048.5,30048.75,420.0,2026-07
2026-07-01 23:35:00,CME_MINI:NQ1!,30049.5,30075.0,30041.5,30069.0,565.0,2026-07
2026-07-01 23:40:00,CME_MINI:NQ1!,30069.0,30075.25,30063.75,30071.75,251.0,2026-07
2026-07-01 23:45:00,CME_MINI:NQ1!,30073.75,30073.75,30022.75,30026.0,752.0,2026-07
2026-07-01 23:50:00,CME_MINI:NQ1!,30026.25,30055.0,30010.25,30048.5,653.0,2026-07
2026-07-01 23:55:00,CME_MINI:NQ1!,30048.25,30052.5,30035.25,30042.75,418.0,2026-07
2026-07-02 00:00:00,CME_MINI:NQ1!,30046.0,30046.0,29952.5,29957.25,2074.0,2026-07
2026-07-02 00:05:00,CME_MINI:NQ1!,29956.75,30003.75,29956.0,29999.25,1251.0,2026-07
2026-07-02 00:10:00,CME_MINI:NQ1!,29996.25,30040.25,29991.0,29998.75,938.0,2026-07
2026-07-02 00:15:00,CME_MINI:NQ1!,30002.0,30012.25,29977.25,29978.25,790.0,2026-07
2026-07-02 00:20:00,CME_MINI:NQ1!,29981.5,30050.0,29975.75,30045.75,823.0,2026-07
2026-07-02 00:25:00,CME_MINI:NQ1!,30046.25,30068.0,30024.75,30062.5,757.0,2026-07
2026-07-02 00:30:00,CME_MINI:NQ1!,30063.25,30065.0,30037.75,30048.0,492.0,2026-07
2026-07-02 00:35:00,CME_MINI:NQ1!,30051.25,30080.75,30046.25,30060.5,800.0,2026-07
2026-07-02 00:40:00,CME_MINI:NQ1!,30060.0,30069.0,30011.0,30013.0,788.0,2026-07
2026-07-02 00:45:00,CME_MINI:NQ1!,30012.25,30055.0,30006.5,30051.0,746.0,2026-07
2026-07-02 00:50:00,CME_MINI:NQ1!,30052.0,30097.25,30043.0,30097.25,853.0,2026-07
2026-07-02 00:55:00,CME_MINI:NQ1!,30095.5,30117.25,30093.25,30110.25,989.0,2026-07
2026-07-02 01:00:00,CME_MINI:NQ1!,30110.5,30147.75,30098.0,30146.0,871.0,2026-07
2026-07-02 01:05:00,CME_MINI:NQ1!,30147.25,30188.0,30144.0,30183.0,1303.0,2026-07
2026-07-02 01:10:00,CME_MINI:NQ1!,30182.0,30191.0,30172.25,30186.75,660.0,2026-07
2026-07-02 01:15:00,CME_MINI:NQ1!,30186.5,30199.0,30166.25,30193.0,725.0,2026-07
2026-07-02 01:20:00,CME_MINI:NQ1!,30190.75,30196.5,30180.25,30195.75,462.0,2026-07
2026-07-02 01:25:00,CME_MINI:NQ1!,30195.25,30205.25,30177.5,30194.25,775.0,2026-07
2026-07-02 01:30:00,CME_MINI:NQ1!,30195.25,30209.25,30189.25,30196.0,734.0,2026-07
2026-07-02 01:35:00,CME_MINI:NQ1!,30195.75,30229.0,30192.0,30226.75,698.0,2026-07
2026-07-02 01:40:00,CME_MINI:NQ1!,30225.75,30226.75,30208.0,30215.0,423.0,2026-07
2026-07-02 01:45:00,CME_MINI:NQ1!,30214.0,30226.75,30200.75,30217.25,446.0,2026-07
2026-07-02 01:50:00,CME_MINI:NQ1!,30216.75,30222.75,30201.75,30205.75,478.0,2026-07
2026-07-02 01:55:00,CME_MINI:NQ1!,30206.5,30211.5,30197.0,30203.75,322.0,2026-07
2026-07-02 02:00:00,CME_MINI:NQ1!,30203.75,30205.75,30190.0,30204.75,526.0,2026-07
2026-07-02 02:05:00,CME_MINI:NQ1!,30203.75,30220.0,30202.0,30217.25,563.0,2026-07
2026-07-02 02:10:00,CME_MINI:NQ1!,30215.75,30230.25,30207.25,30228.5,420.0,2026-07
2026-07-02 02:15:00,CME_MINI:NQ1!,30230.0,30239.5,30215.0,30218.0,570.0,2026-07
2026-07-02 02:20:00,CME_MINI:NQ1!,30217.25,30219.0,30185.5,30189.5,522.0,2026-07
2026-07-02 02:25:00,CME_MINI:NQ1!,30190.75,30207.0,30189.25,30191.0,432.0,2026-07
2026-07-02 02:30:00,CME_MINI:NQ1!,30193.25,30214.25,30180.75,30212.75,732.0,2026-07
2026-07-02 02:35:00,CME_MINI:NQ1!,30212.25,30218.0,30197.25,30201.0,383.0,2026-07
2026-07-02 02:40:00,CME_MINI:NQ1!,30200.25,30209.25,30195.25,30208.25,221.0,2026-07
2026-07-02 02:45:00,CME_MINI:NQ1!,30209.25,30230.0,30203.0,30203.5,549.0,2026-07
2026-07-02 02:50:00,CME_MINI:NQ1!,30204.75,30208.0,30191.25,30194.0,327.0,2026-07
2026-07-02 02:55:00,CME_MINI:NQ1!,30196.75,30214.5,30191.25,30207.5,458.0,2026-07
2026-07-02 03:00:00,CME_MINI:NQ1!,30208.25,30212.75,30188.25,30188.75,249.0,2026-07
2026-07-02 03:05:00,CME_MINI:NQ1!,30190.0,30193.0,30158.5,30160.5,667.0,2026-07
2026-07-02 03:10:00,CME_MINI:NQ1!,30160.25,30183.0,30158.25,30178.0,454.0,2026-07
2026-07-02 03:15:00,CME_MINI:NQ1!,30177.75,30185.0,30164.75,30170.0,270.0,2026-07
2026-07-02 03:20:00,CME_MINI:NQ1!,30172.0,30172.25,30138.0,30148.0,503.0,2026-07
2026-07-02 03:25:00,CME_MINI:NQ1!,30148.0,30163.25,30134.5,30151.0,563.0,2026-07
2026-07-02 03:30:00,CME_MINI:NQ1!,30151.25,30193.75,30148.5,30187.0,752.0,2026-07
2026-07-02 03:35:00,CME_MINI:NQ1!,30185.5,30197.0,30162.25,30166.0,498.0,2026-07
2026-07-02 03:40:00,CME_MINI:NQ1!,30167.25,30171.5,30145.0,30158.0,340.0,2026-07
2026-07-02 03:45:00,CME_MINI:NQ1!,30157.75,30159.25,30138.25,30158.0,498.0,2026-07
2026-07-02 03:50:00,CME_MINI:NQ1!,30156.75,30170.5,30154.25,30163.75,260.0,2026-07
2026-07-02 03:55:00,CME_MINI:NQ1!,30170.75,30185.0,30166.5,30172.0,256.0,2026-07
2026-07-02 04:00:00,CME_MINI:NQ1!,30173.5,30188.25,30164.75,30168.75,328.0,2026-07
2026-07-02 04:05:00,CME_MINI:NQ1!,30167.0,30168.0,30149.75,30151.25,252.0,2026-07
2026-07-02 04:10:00,CME_MINI:NQ1!,30152.5,30154.5,30127.25,30127.5,417.0,2026-07
2026-07-02 04:15:00,CME_MINI:NQ1!,30127.5,30134.25,30116.25,30116.25,464.0,2026-07
2026-07-02 04:20:00,CME_MINI:NQ1!,30117.0,30122.0,30102.75,30120.25,457.0,2026-07
2026-07-02 04:25:00,CME_MINI:NQ1!,30120.0,30141.75,30116.75,30135.5,355.0,2026-07
2026-07-02 04:30:00,CME_MINI:NQ1!,30134.5,30135.75,30094.5,30099.0,465.0,2026-07
2026-07-02 04:35:00,CME_MINI:NQ1!,30099.75,30100.75,30074.5,30079.75,671.0,2026-07
2026-07-02 04:40:00,CME_MINI:NQ1!,30080.0,30081.25,30064.25,30068.75,571.0,2026-07
2026-07-02 04:45:00,CME_MINI:NQ1!,30066.0,30089.0,30050.0,30074.75,671.0,2026-07
2026-07-02 04:50:00,CME_MINI:NQ1!,30074.75,30105.0,30073.5,30103.5,598.0,2026-07
2026-07-02 04:55:00,CME_MINI:NQ1!,30105.25,30122.25,30101.0,30111.25,401.0,2026-07
2026-07-02 05:00:00,CME_MINI:NQ1!,30114.0,30132.5,30094.25,30128.25,725.0,2026-07
2026-07-02 05:05:00,CME_MINI:NQ1!,30130.5,30151.5,30129.25,30150.75,492.0,2026-07
2026-07-02 05:10:00,CME_MINI:NQ1!,30148.0,30154.25,30138.5,30145.5,474.0,2026-07
2026-07-02 05:15:00,CME_MINI:NQ1!,30145.5,30159.75,30136.25,30147.5,515.0,2026-07
2026-07-02 05:20:00,CME_MINI:NQ1!,30148.5,30157.5,30143.0,30150.25,284.0,2026-07
2026-07-02 05:25:00,CME_MINI:NQ1!,30144.5,30144.5,30112.75,30115.5,521.0,2026-07
2026-07-02 05:30:00,CME_MINI:NQ1!,30115.75,30116.75,30085.5,30087.5,658.0,2026-07
2026-07-02 05:35:00,CME_MINI:NQ1!,30088.25,30090.5,30052.0,30053.75,713.0,2026-07
2026-07-02 05:40:00,CME_MINI:NQ1!,30053.5,30074.25,30047.0,30053.5,826.0,2026-07
2026-07-02 05:45:00,CME_MINI:NQ1!,30053.75,30065.75,30037.25,30045.0,490.0,2026-07
2026-07-02 05:50:00,CME_MINI:NQ1!,30046.0,30073.0,30046.0,30053.0,637.0,2026-07
2026-07-02 05:55:00,CME_MINI:NQ1!,30054.5,30070.5,30048.25,30051.0,629.0,2026-07
2026-07-02 06:00:00,CME_MINI:NQ1!,30052.0,30066.0,30014.5,30018.0,943.0,2026-07
2026-07-02 06:05:00,CME_MINI:NQ1!,30019.25,30029.0,29988.5,29994.0,1066.0,2026-07
2026-07-02 06:10:00,CME_MINI:NQ1!,29995.0,29997.25,29954.5,29954.5,977.0,2026-07
2026-07-02 06:15:00,CME_MINI:NQ1!,29954.0,29986.25,29947.0,29981.5,1253.0,2026-07
2026-07-02 06:20:00,CME_MINI:NQ1!,29979.5,29995.0,29967.0,29970.75,509.0,2026-07
2026-07-02 06:25:00,CME_MINI:NQ1!,29970.75,29989.25,29950.75,29952.75,667.0,2026-07
2026-07-02 06:30:00,CME_MINI:NQ1!,29953.75,30005.0,29953.75,29998.25,728.0,2026-07
2026-07-02 06:35:00,CME_MINI:NQ1!,29999.0,30007.5,29983.5,29990.5,472.0,2026-07
2026-07-02 06:40:00,CME_MINI:NQ1!,29989.5,29993.75,29963.25,29971.75,404.0,2026-07
2026-07-02 06:45:00,CME_MINI:NQ1!,29975.0,29978.0,29913.25,29918.0,1721.0,2026-07
2026-07-02 06:50:00,CME_MINI:NQ1!,29916.5,29926.0,29895.0,29916.75,1291.0,2026-07
2026-07-02 06:55:00,CME_MINI:NQ1!,29917.0,29947.25,29916.0,29919.75,863.0,2026-07
2026-07-02 07:00:00,CME_MINI:NQ1!,29921.25,29937.5,29900.5,29912.5,1076.0,2026-07
2026-07-02 07:05:00,CME_MINI:NQ1!,29915.0,29915.25,29879.5,29881.75,1034.0,2026-07
2026-07-02 07:10:00,CME_MINI:NQ1!,29882.75,29899.5,29832.25,29833.0,1493.0,2026-07
2026-07-02 07:15:00,CME_MINI:NQ1!,29836.75,29872.75,29826.25,29845.25,1193.0,2026-07
2026-07-02 07:20:00,CME_MINI:NQ1!,29844.25,29862.5,29831.25,29851.5,634.0,2026-07
2026-07-02 07:25:00,CME_MINI:NQ1!,29847.5,29867.75,29826.5,29863.75,633.0,2026-07
2026-07-02 07:30:00,CME_MINI:NQ1!,29866.0,29887.0,29858.75,29886.0,1134.0,2026-07
2026-07-02 07:35:00,CME_MINI:NQ1!,29886.25,29896.5,29872.25,29895.25,640.0,2026-07
2026-07-02 07:40:00,CME_MINI:NQ1!,29895.0,29943.5,29895.0,29939.5,965.0,2026-07
2026-07-02 07:45:00,CME_MINI:NQ1!,29939.75,29944.5,29921.75,29934.5,665.0,2026-07
2026-07-02 07:50:00,CME_MINI:NQ1!,29931.25,29942.25,29905.25,29910.0,738.0,2026-07
2026-07-02 07:55:00,CME_MINI:NQ1!,29906.5,29909.75,29884.5,29891.25,485.0,2026-07
2026-07-02 08:00:00,CME_MINI:NQ1!,29893.5,29910.5,29865.25,29905.25,1048.0,2026-07
2026-07-02 08:05:00,CME_MINI:NQ1!,29905.25,29927.0,29861.0,29877.25,894.0,2026-07
2026-07-02 08:10:00,CME_MINI:NQ1!,29878.5,29880.0,29827.25,29841.0,760.0,2026-07
2026-07-02 08:15:00,CME_MINI:NQ1!,29844.25,29891.0,29839.25,29889.5,745.0,2026-07
2026-07-02 08:20:00,CME_MINI:NQ1!,29889.5,29917.25,29881.25,29910.0,459.0,2026-07
2026-07-02 08:25:00,CME_MINI:NQ1!,29909.5,29941.75,29908.0,29926.25,570.0,2026-07
2026-07-02 08:30:00,CME_MINI:NQ1!,29924.5,29991.0,29916.25,29989.0,1615.0,2026-07
2026-07-02 08:35:00,CME_MINI:NQ1!,29987.5,30014.5,29984.25,29999.5,1020.0,2026-07
2026-07-02 08:40:00,CME_MINI:NQ1!,29997.5,29999.5,29976.5,29980.75,554.0,2026-07
2026-07-02 08:45:00,CME_MINI:NQ1!,29982.0,30001.75,29970.25,30000.25,516.0,2026-07
2026-07-02 08:50:00,CME_MINI:NQ1!,30001.75,30027.0,29997.0,30011.25,798.0,2026-07
2026-07-02 08:55:00,CME_MINI:NQ1!,30010.25,30038.25,30006.25,30033.0,751.0,2026-07
2026-07-02 09:00:00,CME_MINI:NQ1!,30032.75,30033.5,29988.5,29988.75,768.0,2026-07
2026-07-02 09:05:00,CME_MINI:NQ1!,29989.5,29992.0,29961.0,29968.0,573.0,2026-07
2026-07-02 09:10:00,CME_MINI:NQ1!,29969.5,29988.75,29967.0,29984.0,511.0,2026-07
2026-07-02 09:15:00,CME_MINI:NQ1!,29984.5,29985.0,29962.25,29962.25,354.0,2026-07
2026-07-02 09:20:00,CME_MINI:NQ1!,29961.75,29983.25,29953.25,29956.25,609.0,2026-07
2026-07-02 09:25:00,CME_MINI:NQ1!,29956.5,29987.25,29943.5,29983.25,742.0,2026-07
2026-07-02 09:30:00,CME_MINI:NQ1!,29982.5,30011.5,29978.0,29994.75,984.0,2026-07
2026-07-02 09:35:00,CME_MINI:NQ1!,29994.75,30015.0,29988.0,30005.75,459.0,2026-07
2026-07-02 09:40:00,CME_MINI:NQ1!,30003.75,30010.75,29995.0,29998.75,333.0,2026-07
2026-07-02 09:45:00,CME_MINI:NQ1!,29998.25,29998.25,29965.75,29990.0,442.0,2026-07
2026-07-02 09:50:00,CME_MINI:NQ1!,29989.5,29996.5,29975.75,29981.25,191.0,2026-07
2026-07-02 09:55:00,CME_MINI:NQ1!,29979.25,29979.5,29952.0,29957.75,429.0,2026-07
2026-07-02 10:00:00,CME_MINI:NQ1!,29959.5,29959.75,29920.0,29927.0,813.0,2026-07
2026-07-02 10:05:00,CME_MINI:NQ1!,29926.75,29956.75,29924.0,29941.5,566.0,2026-07
2026-07-02 10:10:00,CME_MINI:NQ1!,29939.75,29949.5,29931.75,29934.5,249.0,2026-07
2026-07-02 10:15:00,CME_MINI:NQ1!,29932.0,29949.25,29924.25,29949.25,311.0,2026-07
2026-07-02 10:20:00,CME_MINI:NQ1!,29948.5,29950.5,29930.75,29940.25,287.0,2026-07
2026-07-02 10:25:00,CME_MINI:NQ1!,29941.0,29961.25,29935.0,29948.0,403.0,2026-07
2026-07-02 10:30:00,CME_MINI:NQ1!,29948.0,29993.5,29948.0,29982.0,738.0,2026-07
2026-07-02 10:35:00,CME_MINI:NQ1!,29984.0,30005.5,29973.75,29999.25,1029.0,2026-07
2026-07-02 10:40:00,CME_MINI:NQ1!,29998.0,30005.5,29977.75,29978.5,372.0,2026-07
2026-07-02 10:45:00,CME_MINI:NQ1!,29979.25,29988.5,29972.0,29979.75,419.0,2026-07
2026-07-02 10:50:00,CME_MINI:NQ1!,29981.0,29994.25,29973.5,29990.75,193.0,2026-07
2026-07-02 10:55:00,CME_MINI:NQ1!,29991.5,30008.5,29982.25,30005.75,491.0,2026-07
2026-07-02 11:00:00,CME_MINI:NQ1!,30005.25,30021.5,29978.5,29981.25,1378.0,2026-07
2026-07-02 11:05:00,CME_MINI:NQ1!,29980.0,29986.0,29967.5,29983.25,738.0,2026-07
2026-07-02 11:10:00,CME_MINI:NQ1!,29983.25,30010.5,29983.25,30007.0,619.0,2026-07
2026-07-02 11:15:00,CME_MINI:NQ1!,30005.75,30011.25,29967.0,29984.5,625.0,2026-07
2026-07-02 11:20:00,CME_MINI:NQ1!,29984.5,30008.75,29973.0,30003.75,436.0,2026-07
2026-07-02 11:25:00,CME_MINI:NQ1!,30004.0,30014.0,30000.75,30005.75,563.0,2026-07
2026-07-02 11:30:00,CME_MINI:NQ1!,30006.0,30012.0,29990.75,29995.25,556.0,2026-07
2026-07-02 11:35:00,CME_MINI:NQ1!,29993.5,30036.75,29992.75,30036.25,653.0,2026-07
2026-07-02 11:40:00,CME_MINI:NQ1!,30036.25,30064.75,30014.75,30057.5,1268.0,2026-07
2026-07-02 11:45:00,CME_MINI:NQ1!,30058.0,30076.25,30054.75,30059.0,1105.0,2026-07
2026-07-02 11:50:00,CME_MINI:NQ1!,30059.0,30079.0,30040.0,30041.0,1151.0,2026-07
2026-07-02 11:55:00,CME_MINI:NQ1!,30040.75,30053.5,30034.0,30034.25,552.0,2026-07
2026-07-02 12:00:00,CME_MINI:NQ1!,30035.25,30085.0,30022.25,30080.0,1027.0,2026-07
2026-07-02 12:05:00,CME_MINI:NQ1!,30080.75,30116.25,30072.75,30106.25,1281.0,2026-07
2026-07-02 12:10:00,CME_MINI:NQ1!,30106.25,30140.75,30100.0,30131.25,1159.0,2026-07
2026-07-02 12:15:00,CME_MINI:NQ1!,30131.75,30161.25,30128.5,30139.75,1290.0,2026-07
2026-07-02 12:20:00,CME_MINI:NQ1!,30141.0,30159.0,30127.25,30157.5,1006.0,2026-07
2026-07-02 12:25:00,CME_MINI:NQ1!,30158.5,30190.25,30134.5,30182.75,1467.0,2026-07
2026-07-02 12:30:00,CME_MINI:NQ1!,30183.0,30281.75,30175.0,30274.5,5729.0,2026-07
2026-07-02 12:35:00,CME_MINI:NQ1!,30273.75,30320.0,30265.75,30281.75,4362.0,2026-07
2026-07-02 12:40:00,CME_MINI:NQ1!,30280.75,30293.5,30240.75,30241.5,2623.0,2026-07
2026-07-02 12:45:00,CME_MINI:NQ1!,30242.5,30265.25,30238.0,30246.5,1900.0,2026-07
2026-07-02 12:50:00,CME_MINI:NQ1!,30244.5,30262.0,30201.75,30205.75,1942.0,2026-07
2026-07-02 12:55:00,CME_MINI:NQ1!,30206.0,30209.0,30155.0,30182.75,2746.0,2026-07
2026-07-02 13:00:00,CME_MINI:NQ1!,30185.0,30215.0,30135.0,30181.75,3484.0,2026-07
2026-07-02 13:05:00,CME_MINI:NQ1!,30180.0,30182.25,30118.0,30127.75,2094.0,2026-07
2026-07-02 13:10:00,CME_MINI:NQ1!,30128.25,30162.0,30123.25,30142.0,1889.0,2026-07
2026-07-02 13:15:00,CME_MINI:NQ1!,30141.5,30175.0,30133.75,30168.5,1644.0,2026-07
2026-07-02 13:20:00,CME_MINI:NQ1!,30169.25,30184.0,30160.25,30163.0,1589.0,2026-07
2026-07-02 13:25:00,CME_MINI:NQ1!,30165.0,30175.0,30073.5,30076.25,4298.0,2026-07
2026-07-02 13:30:00,CME_MINI:NQ1!,30076.25,30138.25,30007.75,30135.25,15528.0,2026-07
2026-07-02 13:35:00,CME_MINI:NQ1!,30133.5,30161.0,30028.0,30054.75,11832.0,2026-07
2026-07-02 13:40:00,CME_MINI:NQ1!,30054.75,30188.75,30052.25,30124.25,10823.0,2026-07
2026-07-02 13:45:00,CME_MINI:NQ1!,30127.0,30205.0,30102.0,30178.75,8315.0,2026-07
2026-07-02 13:50:00,CME_MINI:NQ1!,30179.25,30260.5,30158.75,30233.25,9964.0,2026-07
2026-07-02 13:55:00,CME_MINI:NQ1!,30234.0,30263.0,30192.0,30257.75,5988.0,2026-07
2026-07-02 14:00:00,CME_MINI:NQ1!,30258.0,30293.5,30228.0,30259.75,6461.0,2026-07
2026-07-02 14:05:00,CME_MINI:NQ1!,30259.5,30261.0,30167.75,30182.25,6993.0,2026-07
2026-07-02 14:10:00,CME_MINI:NQ1!,30182.5,30253.75,30131.5,30215.5,7593.0,2026-07
2026-07-02 14:15:00,CME_MINI:NQ1!,30216.25,30226.5,30108.75,30156.0,8810.0,2026-07
2026-07-02 14:20:00,CME_MINI:NQ1!,30155.5,30169.5,30074.0,30079.75,8770.0,2026-07
2026-07-02 14:25:00,CME_MINI:NQ1!,30080.0,30094.75,29910.75,29935.0,12517.0,2026-07
2026-07-02 14:30:00,CME_MINI:NQ1!,29935.0,30006.25,29888.0,29903.0,11725.0,2026-07
2026-07-02 14:35:00,CME_MINI:NQ1!,29902.0,29986.25,29877.5,29923.25,9565.0,2026-07
2026-07-02 14:40:00,CME_MINI:NQ1!,29924.0,29933.0,29777.0,29809.5,12286.0,2026-07
2026-07-02 14:45:00,CME_MINI:NQ1!,29810.0,29868.25,29754.25,29825.75,10086.0,2026-07
2026-07-02 14:50:00,CME_MINI:NQ1!,29825.25,29852.5,29730.75,29767.0,7354.0,2026-07
2026-07-02 14:55:00,CME_MINI:NQ1!,29767.5,29843.25,29760.0,29840.25,6240.0,2026-07
2026-07-02 15:00:00,CME_MINI:NQ1!,29840.25,29852.0,29712.5,29715.5,7337.0,2026-07
2026-07-02 15:05:00,CME_MINI:NQ1!,29715.25,29745.0,29629.0,29704.25,9880.0,2026-07
2026-07-02 15:10:00,CME_MINI:NQ1!,29704.5,29778.0,29683.5,29716.5,5885.0,2026-07
2026-07-02 15:15:00,CME_MINI:NQ1!,29718.75,29743.0,29622.0,29639.5,7267.0,2026-07
2026-07-02 15:20:00,CME_MINI:NQ1!,29640.25,29722.5,29610.75,29721.0,6728.0,2026-07
2026-07-02 15:25:00,CME_MINI:NQ1!,29721.0,29748.25,29669.0,29672.5,5650.0,2026-07
2026-07-02 15:30:00,CME_MINI:NQ1!,29671.0,29766.75,29667.75,29756.75,5093.0,2026-07
2026-07-02 15:35:00,CME_MINI:NQ1!,29757.5,29817.25,29746.0,29782.0,5807.0,2026-07
2026-07-02 15:40:00,CME_MINI:NQ1!,29782.0,29815.5,29710.0,29711.75,4904.0,2026-07
2026-07-02 15:45:00,CME_MINI:NQ1!,29710.0,29747.75,29691.25,29701.25,4301.0,2026-07
2026-07-02 15:50:00,CME_MINI:NQ1!,29700.5,29712.0,29645.0,29678.0,5056.0,2026-07
2026-07-02 15:55:00,CME_MINI:NQ1!,29678.25,29695.25,29636.25,29676.0,4746.0,2026-07
2026-07-02 16:00:00,CME_MINI:NQ1!,29676.75,29688.25,29595.25,29634.0,6383.0,2026-07
2026-07-02 16:05:00,CME_MINI:NQ1!,29633.25,29653.0,29585.0,29598.75,4231.0,2026-07
2026-07-02 16:10:00,CME_MINI:NQ1!,29599.25,29661.75,29590.5,29646.75,4729.0,2026-07
2026-07-02 16:15:00,CME_MINI:NQ1!,29649.25,29653.25,29590.25,29594.75,3893.0,2026-07
2026-07-02 16:20:00,CME_MINI:NQ1!,29593.0,29598.5,29549.25,29556.75,5065.0,2026-07
2026-07-02 16:25:00,CME_MINI:NQ1!,29555.0,29596.0,29548.0,29558.75,4311.0,2026-07
2026-07-02 16:30:00,CME_MINI:NQ1!,29559.0,29563.25,29497.5,29499.75,6668.0,2026-07
2026-07-02 16:35:00,CME_MINI:NQ1!,29499.5,29514.0,29453.25,29486.25,7124.0,2026-07
2026-07-02 16:40:00,CME_MINI:NQ1!,29486.5,29547.25,29483.25,29539.0,6256.0,2026-07
2026-07-02 16:45:00,CME_MINI:NQ1!,29537.0,29542.5,29501.5,29507.0,3592.0,2026-07
2026-07-02 16:50:00,CME_MINI:NQ1!,29507.5,29534.5,29478.0,29500.25,4011.0,2026-07
2026-07-02 16:55:00,CME_MINI:NQ1!,29501.0,29501.75,29434.0,29462.25,5432.0,2026-07
2026-07-02 17:00:00,CME_MINI:NQ1!,29461.0,29469.5,29391.0,29411.0,6341.0,2026-07
2026-07-02 17:05:00,CME_MINI:NQ1!,29410.0,29482.5,29387.5,29447.5,6088.0,2026-07
2026-07-02 17:10:00,CME_MINI:NQ1!,29447.75,29468.0,29424.0,29454.0,3562.0,2026-07
2026-07-02 17:15:00,CME_MINI:NQ1!,29453.75,29482.25,29432.25,29437.0,4080.0,2026-07
2026-07-02 17:20:00,CME_MINI:NQ1!,29437.0,29482.75,29427.25,29443.25,3313.0,2026-07
2026-07-02 17:25:00,CME_MINI:NQ1!,29442.5,29454.0,29421.75,29447.5,2523.0,2026-07
2026-07-02 17:30:00,CME_MINI:NQ1!,29447.75,29473.25,29427.5,29427.75,3312.0,2026-07
2026-07-02 17:35:00,CME_MINI:NQ1!,29427.25,29438.0,29372.75,29380.25,4395.0,2026-07
2026-07-02 17:40:00,CME_MINI:NQ1!,29379.5,29418.5,29355.75,29404.75,4074.0,2026-07
2026-07-02 17:45:00,CME_MINI:NQ1!,29405.5,29408.5,29342.5,29362.0,3949.0,2026-07
2026-07-02 17:50:00,CME_MINI:NQ1!,29362.75,29397.5,29345.0,29389.75,3249.0,2026-07
2026-07-02 17:55:00,CME_MINI:NQ1!,29389.75,29397.25,29328.5,29338.5,3252.0,2026-07
2026-07-02 18:00:00,CME_MINI:NQ1!,29339.5,29384.0,29330.5,29382.75,3877.0,2026-07
2026-07-02 18:05:00,CME_MINI:NQ1!,29382.0,29481.0,29378.25,29478.0,6241.0,2026-07
2026-07-02 18:10:00,CME_MINI:NQ1!,29478.25,29503.25,29450.5,29459.25,5202.0,2026-07
2026-07-02 18:15:00,CME_MINI:NQ1!,29460.75,29470.25,29409.75,29425.5,4189.0,2026-07
2026-07-02 18:20:00,CME_MINI:NQ1!,29425.25,29460.25,29422.25,29450.25,2984.0,2026-07
2026-07-02 18:25:00,CME_MINI:NQ1!,29450.25,29489.25,29437.75,29488.0,3490.0,2026-07
2026-07-02 18:30:00,CME_MINI:NQ1!,29487.75,29525.0,29470.5,29481.5,4417.0,2026-07
2026-07-02 18:35:00,CME_MINI:NQ1!,29481.5,29505.75,29464.25,29491.75,2971.0,2026-07
2026-07-02 18:40:00,CME_MINI:NQ1!,29492.25,29501.0,29469.75,29481.0,2340.0,2026-07
2026-07-02 18:45:00,CME_MINI:NQ1!,29480.75,29500.75,29439.25,29493.75,3992.0,2026-07
2026-07-02 18:50:00,CME_MINI:NQ1!,29494.5,29528.0,29480.0,29484.5,3851.0,2026-07
2026-07-02 18:55:00,CME_MINI:NQ1!,29485.5,29498.75,29455.25,29489.0,3419.0,2026-07
2026-07-02 19:00:00,CME_MINI:NQ1!,29488.75,29503.25,29398.5,29402.75,4835.0,2026-07
2026-07-02 19:05:00,CME_MINI:NQ1!,29403.5,29427.0,29381.5,29397.25,4602.0,2026-07
2026-07-02 19:10:00,CME_MINI:NQ1!,29398.75,29425.25,29381.75,29413.0,2650.0,2026-07
2026-07-02 19:15:00,CME_MINI:NQ1!,29412.5,29422.75,29380.75,29394.75,2525.0,2026-07
2026-07-02 19:20:00,CME_MINI:NQ1!,29395.25,29401.5,29354.75,29362.5,2946.0,2026-07
2026-07-02 19:25:00,CME_MINI:NQ1!,29363.0,29445.0,29349.5,29421.75,4604.0,2026-07
2026-07-02 19:30:00,CME_MINI:NQ1!,29422.5,29468.75,29412.0,29461.0,4502.0,2026-07
2026-07-02 19:35:00,CME_MINI:NQ1!,29462.0,29475.5,29426.0,29458.25,3698.0,2026-07
2026-07-02 19:40:00,CME_MINI:NQ1!,29458.5,29463.5,29429.5,29454.25,2949.0,2026-07
2026-07-02 19:45:00,CME_MINI:NQ1!,29454.5,29461.5,29432.0,29449.75,3505.0,2026-07
2026-07-02 19:50:00,CME_MINI:NQ1!,29451.25,29535.0,29451.25,29533.5,8164.0,2026-07
2026-07-02 19:55:00,CME_MINI:NQ1!,29533.25,29588.0,29508.5,29538.25,17938.0,2026-07
2026-07-02 20:00:00,CME_MINI:NQ1!,29538.0,29553.0,29524.75,29533.0,6995.0,2026-07
2026-07-02 20:05:00,CME_MINI:NQ1!,29533.5,29548.75,29514.0,29541.0,3010.0,2026-07
2026-07-02 20:10:00,CME_MINI:NQ1!,29540.0,29552.75,29524.75,29545.5,1788.0,2026-07
2026-07-02 20:15:00,CME_MINI:NQ1!,29546.25,29561.75,29539.75,29541.25,1693.0,2026-07
2026-07-02 20:20:00,CME_MINI:NQ1!,29541.5,29546.5,29533.0,29536.75,852.0,2026-07
2026-07-02 20:25:00,CME_MINI:NQ1!,29536.75,29557.5,29535.75,29548.0,772.0,2026-07
2026-07-02 20:30:00,CME_MINI:NQ1!,29549.5,29557.25,29539.0,29557.0,949.0,2026-07
2026-07-02 20:35:00,CME_MINI:NQ1!,29556.75,29564.75,29545.5,29552.0,593.0,2026-07
2026-07-02 20:40:00,CME_MINI:NQ1!,29552.25,29554.5,29537.75,29541.75,475.0,2026-07
2026-07-02 20:45:00,CME_MINI:NQ1!,29542.25,29558.5,29542.0,29553.75,627.0,2026-07
2026-07-02 20:50:00,CME_MINI:NQ1!,29554.0,29558.0,29553.25,29556.5,408.0,2026-07
2026-07-02 20:55:00,CME_MINI:NQ1!,29557.0,29558.75,29536.25,29551.75,802.0,2026-07
2026-07-02 22:00:00,CME_MINI:NQ1!,29566.0,29589.0,29566.0,29577.75,592.0,2026-07
2026-07-02 22:05:00,CME_MINI:NQ1!,29574.75,29591.5,29559.25,29584.5,422.0,2026-07
2026-07-02 22:10:00,CME_MINI:NQ1!,29584.75,29589.75,29575.0,29580.25,142.0,2026-07
2026-07-02 22:15:00,CME_MINI:NQ1!,29581.0,29595.75,29581.0,29588.0,322.0,2026-07
2026-07-02 22:20:00,CME_MINI:NQ1!,29587.25,29598.0,29584.25,29592.25,199.0,2026-07
2026-07-02 22:25:00,CME_MINI:NQ1!,29592.0,29593.25,29576.75,29578.5,246.0,2026-07
2026-07-02 22:30:00,CME_MINI:NQ1!,29578.25,29599.5,29568.0,29596.25,425.0,2026-07
2026-07-02 22:35:00,CME_MINI:NQ1!,29595.75,29620.0,29590.5,29615.75,607.0,2026-07
2026-07-02 22:40:00,CME_MINI:NQ1!,29614.5,29621.5,29609.25,29620.5,164.0,2026-07
2026-07-02 22:45:00,CME_MINI:NQ1!,29620.5,29621.25,29612.0,29615.5,143.0,2026-07
2026-07-02 22:50:00,CME_MINI:NQ1!,29614.0,29615.25,29609.5,29614.75,126.0,2026-07
2026-07-02 22:55:00,CME_MINI:NQ1!,29615.5,29622.25,29614.0,29618.75,175.0,2026-07
2026-07-02 23:00:00,CME_MINI:NQ1!,29615.75,29617.25,29595.0,29598.75,354.0,2026-07
2026-07-02 23:05:00,CME_MINI:NQ1!,29599.5,29602.75,29576.5,29583.5,452.0,2026-07
2026-07-02 23:10:00,CME_MINI:NQ1!,29583.5,29589.25,29553.75,29558.5,570.0,2026-07
2026-07-02 23:15:00,CME_MINI:NQ1!,29560.5,29581.25,29552.0,29559.5,579.0,2026-07
2026-07-02 23:20:00,CME_MINI:NQ1!,29560.25,29602.5,29557.0,29595.75,613.0,2026-07
2026-07-02 23:25:00,CME_MINI:NQ1!,29594.75,29608.0,29591.5,29602.0,324.0,2026-07
2026-07-02 23:30:00,CME_MINI:NQ1!,29600.0,29618.75,29580.25,29613.5,620.0,2026-07
2026-07-02 23:35:00,CME_MINI:NQ1!,29613.75,29616.75,29575.5,29582.5,341.0,2026-07
2026-07-02 23:40:00,CME_MINI:NQ1!,29582.5,29592.0,29571.25,29571.25,228.0,2026-07
2026-07-02 23:45:00,CME_MINI:NQ1!,29573.0,29610.5,29565.5,29598.5,438.0,2026-07
2026-07-02 23:50:00,CME_MINI:NQ1!,29596.75,29604.0,29574.75,29600.5,278.0,2026-07
2026-07-02 23:55:00,CME_MINI:NQ1!,29599.25,29603.75,29592.5,29600.5,139.0,2026-07
2026-07-03 00:00:00,CME_MINI:NQ1!,29598.75,29638.75,29567.5,29591.0,1113.0,2026-07
2026-07-03 00:05:00,CME_MINI:NQ1!,29589.0,29597.5,29552.0,29552.25,671.0,2026-07
2026-07-03 00:10:00,CME_MINI:NQ1!,29552.25,29618.0,29541.0,29617.0,791.0,2026-07
2026-07-03 00:15:00,CME_MINI:NQ1!,29615.0,29621.25,29570.0,29589.25,770.0,2026-07
2026-07-03 00:20:00,CME_MINI:NQ1!,29591.75,29610.0,29576.5,29586.25,269.0,2026-07
2026-07-03 00:25:00,CME_MINI:NQ1!,29590.25,29596.5,29558.0,29561.5,403.0,2026-07
2026-07-03 00:30:00,CME_MINI:NQ1!,29561.25,29564.0,29534.0,29541.0,572.0,2026-07
2026-07-03 00:35:00,CME_MINI:NQ1!,29536.25,29601.5,29534.75,29571.5,545.0,2026-07
2026-07-03 00:40:00,CME_MINI:NQ1!,29570.5,29576.0,29541.0,29554.5,346.0,2026-07
2026-07-03 00:45:00,CME_MINI:NQ1!,29552.75,29568.5,29532.0,29564.5,335.0,2026-07
2026-07-03 00:50:00,CME_MINI:NQ1!,29564.5,29572.25,29532.5,29547.25,426.0,2026-07
2026-07-03 00:55:00,CME_MINI:NQ1!,29545.25,29551.0,29522.0,29536.5,459.0,2026-07
2026-07-03 01:00:00,CME_MINI:NQ1!,29539.5,29625.75,29535.25,29623.25,604.0,2026-07
2026-07-03 01:05:00,CME_MINI:NQ1!,29622.5,29697.5,29617.0,29686.75,1800.0,2026-07
2026-07-03 01:10:00,CME_MINI:NQ1!,29685.75,29686.0,29657.0,29673.0,564.0,2026-07
2026-07-03 01:15:00,CME_MINI:NQ1!,29673.5,29680.0,29646.5,29660.0,505.0,2026-07
2026-07-03 01:20:00,CME_MINI:NQ1!,29662.0,29680.5,29658.0,29672.0,354.0,2026-07
2026-07-03 01:25:00,CME_MINI:NQ1!,29666.25,29672.0,29652.25,29655.0,249.0,2026-07
2026-07-03 01:30:00,CME_MINI:NQ1!,29655.0,29670.75,29643.25,29664.75,330.0,2026-07
2026-07-03 01:35:00,CME_MINI:NQ1!,29666.25,29673.0,29647.5,29662.5,210.0,2026-07
2026-07-03 01:40:00,CME_MINI:NQ1!,29664.0,29683.25,29661.0,29675.0,584.0,2026-07
2026-07-03 01:45:00,CME_MINI:NQ1!,29675.75,29690.5,29659.75,29684.0,616.0,2026-07
2026-07-03 01:50:00,CME_MINI:NQ1!,29686.0,29695.25,29666.75,29695.25,594.0,2026-07
2026-07-03 01:55:00,CME_MINI:NQ1!,29694.25,29699.5,29678.75,29682.5,430.0,2026-07
2026-07-03 02:00:00,CME_MINI:NQ1!,29684.75,29695.25,29680.5,29691.5,246.0,2026-07
2026-07-03 02:05:00,CME_MINI:NQ1!,29685.25,29716.5,29685.0,29715.0,581.0,2026-07
2026-07-03 02:10:00,CME_MINI:NQ1!,29714.25,29715.75,29688.75,29695.0,380.0,2026-07
2026-07-03 02:15:00,CME_MINI:NQ1!,29695.5,29714.0,29693.5,29703.75,240.0,2026-07
2026-07-03 02:20:00,CME_MINI:NQ1!,29705.5,29720.0,29703.0,29717.75,265.0,2026-07
2026-07-03 02:25:00,CME_MINI:NQ1!,29718.75,29732.0,29717.75,29729.75,398.0,2026-07
2026-07-03 02:30:00,CME_MINI:NQ1!,29728.0,29732.0,29716.0,29721.75,310.0,2026-07
2026-07-03 02:35:00,CME_MINI:NQ1!,29720.0,29722.0,29707.25,29712.5,358.0,2026-07
2026-07-03 02:40:00,CME_MINI:NQ1!,29713.0,29724.25,29706.25,29723.75,212.0,2026-07
2026-07-03 02:45:00,CME_MINI:NQ1!,29725.5,29741.75,29724.75,29741.75,376.0,2026-07
2026-07-03 02:50:00,CME_MINI:NQ1!,29740.5,29748.5,29733.0,29742.5,367.0,2026-07
2026-07-03 02:55:00,CME_MINI:NQ1!,29744.25,29755.75,29736.25,29750.75,315.0,2026-07
2026-07-03 03:00:00,CME_MINI:NQ1!,29749.75,29752.25,29739.75,29747.25,335.0,2026-07
2026-07-03 03:05:00,CME_MINI:NQ1!,29747.0,29755.25,29735.75,29742.25,370.0,2026-07
2026-07-03 03:10:00,CME_MINI:NQ1!,29741.75,29746.5,29730.75,29746.25,215.0,2026-07
2026-07-03 03:15:00,CME_MINI:NQ1!,29746.75,29756.25,29745.0,29752.0,207.0,2026-07
2026-07-03 03:20:00,CME_MINI:NQ1!,29750.5,29758.0,29745.75,29746.0,154.0,2026-07
2026-07-03 03:25:00,CME_MINI:NQ1!,29745.0,29761.75,29742.0,29761.0,213.0,2026-07
2026-07-03 03:30:00,CME_MINI:NQ1!,29760.75,29775.25,29753.25,29755.25,433.0,2026-07
2026-07-03 03:35:00,CME_MINI:NQ1!,29758.5,29759.75,29735.25,29743.75,279.0,2026-07
2026-07-03 03:40:00,CME_MINI:NQ1!,29735.75,29739.0,29720.0,29723.0,404.0,2026-07
2026-07-03 03:45:00,CME_MINI:NQ1!,29722.5,29751.5,29717.75,29751.0,417.0,2026-07
2026-07-03 03:50:00,CME_MINI:NQ1!,29750.75,29754.75,29741.75,29745.75,271.0,2026-07
2026-07-03 03:55:00,CME_MINI:NQ1!,29745.5,29769.75,29744.25,29767.5,339.0,2026-07
2026-07-03 04:00:00,CME_MINI:NQ1!,29769.25,29777.0,29764.0,29772.5,291.0,2026-07
2026-07-03 04:05:00,CME_MINI:NQ1!,29773.0,29777.5,29769.5,29776.0,203.0,2026-07
2026-07-03 04:10:00,CME_MINI:NQ1!,29777.0,29786.75,29767.5,29785.5,328.0,2026-07
2026-07-03 04:15:00,CME_MINI:NQ1!,29785.75,29791.5,29782.5,29790.25,308.0,2026-07
2026-07-03 04:20:00,CME_MINI:NQ1!,29790.25,29796.5,29787.5,29795.0,371.0,2026-07
2026-07-03 04:25:00,CME_MINI:NQ1!,29794.5,29803.25,29791.0,29802.0,537.0,2026-07
2026-07-03 04:30:00,CME_MINI:NQ1!,29804.0,29807.25,29790.5,29790.5,349.0,2026-07
2026-07-03 04:35:00,CME_MINI:NQ1!,29792.0,29807.5,29786.75,29805.75,339.0,2026-07
2026-07-03 04:40:00,CME_MINI:NQ1!,29806.25,29814.25,29802.0,29806.25,375.0,2026-07
2026-07-03 04:45:00,CME_MINI:NQ1!,29807.0,29811.5,29796.0,29797.0,254.0,2026-07
2026-07-03 04:50:00,CME_MINI:NQ1!,29795.0,29820.0,29791.5,29810.25,486.0,2026-07
2026-07-03 04:55:00,CME_MINI:NQ1!,29810.75,29812.25,29802.25,29802.25,223.0,2026-07
2026-07-03 05:00:00,CME_MINI:NQ1!,29803.75,29834.25,29789.25,29822.5,1201.0,2026-07
2026-07-03 05:05:00,CME_MINI:NQ1!,29820.25,29825.25,29811.5,29814.75,302.0,2026-07
2026-07-03 05:10:00,CME_MINI:NQ1!,29814.5,29834.0,29814.25,29822.25,663.0,2026-07
2026-07-03 05:15:00,CME_MINI:NQ1!,29823.0,29826.25,29815.5,29824.0,162.0,2026-07
2026-07-03 05:20:00,CME_MINI:NQ1!,29821.75,29822.0,29794.5,29804.25,484.0,2026-07
2026-07-03 05:25:00,CME_MINI:NQ1!,29803.75,29826.5,29801.0,29809.75,443.0,2026-07
2026-07-03 05:30:00,CME_MINI:NQ1!,29808.75,29833.25,29804.75,29827.5,490.0,2026-07
2026-07-03 05:35:00,CME_MINI:NQ1!,29829.0,29841.5,29821.0,29831.0,457.0,2026-07
2026-07-03 05:40:00,CME_MINI:NQ1!,29833.25,29834.0,29818.0,29819.75,240.0,2026-07
2026-07-03 05:45:00,CME_MINI:NQ1!,29820.75,29826.25,29808.5,29813.75,339.0,2026-07
2026-07-03 05:50:00,CME_MINI:NQ1!,29814.75,29823.75,29808.25,29815.0,266.0,2026-07
2026-07-03 05:55:00,CME_MINI:NQ1!,29811.5,29828.25,29807.5,29825.25,298.0,2026-07
2026-07-03 06:00:00,CME_MINI:NQ1!,29826.25,29864.25,29821.0,29858.25,1513.0,2026-07
2026-07-03 06:05:00,CME_MINI:NQ1!,29859.5,29888.0,29859.5,29882.75,1453.0,2026-07
2026-07-03 06:10:00,CME_MINI:NQ1!,29883.0,29885.0,29870.25,29872.0,826.0,2026-07
2026-07-03 06:15:00,CME_MINI:NQ1!,29871.0,29878.0,29864.5,29872.25,409.0,2026-07
2026-07-03 06:20:00,CME_MINI:NQ1!,29871.5,29872.75,29843.25,29846.0,523.0,2026-07
2026-07-03 06:25:00,CME_MINI:NQ1!,29847.25,29869.0,29847.25,29868.5,324.0,2026-07
2026-07-03 06:30:00,CME_MINI:NQ1!,29867.75,29873.75,29858.75,29863.0,554.0,2026-07
2026-07-03 06:35:00,CME_MINI:NQ1!,29865.25,29871.0,29858.75,29860.0,366.0,2026-07
2026-07-03 06:40:00,CME_MINI:NQ1!,29861.25,29871.5,29851.25,29856.25,551.0,2026-07
2026-07-03 06:45:00,CME_MINI:NQ1!,29855.5,29859.25,29841.5,29846.5,360.0,2026-07
2026-07-03 06:50:00,CME_MINI:NQ1!,29847.0,29848.0,29833.5,29841.75,382.0,2026-07
2026-07-03 06:55:00,CME_MINI:NQ1!,29840.25,29847.0,29837.5,29840.75,214.0,2026-07
2026-07-03 07:00:00,CME_MINI:NQ1!,29842.0,29852.75,29837.25,29844.75,320.0,2026-07
2026-07-03 07:05:00,CME_MINI:NQ1!,29844.0,29854.25,29829.25,29848.5,482.0,2026-07
2026-07-03 07:10:00,CME_MINI:NQ1!,29850.0,29853.25,29825.75,29836.75,367.0,2026-07
2026-07-03 07:15:00,CME_MINI:NQ1!,29835.75,29848.0,29834.25,29844.75,262.0,2026-07
2026-07-03 07:20:00,CME_MINI:NQ1!,29845.0,29860.0,29841.5,29857.75,427.0,2026-07
2026-07-03 07:25:00,CME_MINI:NQ1!,29857.0,29867.5,29855.5,29860.0,369.0,2026-07
2026-07-03 07:30:00,CME_MINI:NQ1!,29860.25,29865.5,29844.0,29852.0,340.0,2026-07
2026-07-03 07:35:00,CME_MINI:NQ1!,29850.5,29869.0,29848.0,29853.25,263.0,2026-07
2026-07-03 07:40:00,CME_MINI:NQ1!,29852.75,29854.5,29836.75,29837.5,324.0,2026-07
2026-07-03 07:45:00,CME_MINI:NQ1!,29837.75,29855.25,29835.5,29853.25,233.0,2026-07
2026-07-03 07:50:00,CME_MINI:NQ1!,29855.0,29856.25,29848.75,29852.75,154.0,2026-07
2026-07-03 07:55:00,CME_MINI:NQ1!,29853.75,29858.75,29843.75,29846.0,114.0,2026-07
2026-07-03 08:00:00,CME_MINI:NQ1!,29845.25,29845.75,29832.75,29844.0,330.0,2026-07
2026-07-03 08:05:00,CME_MINI:NQ1!,29846.25,29861.0,29832.75,29838.5,259.0,2026-07
2026-07-03 08:10:00,CME_MINI:NQ1!,29838.0,29845.0,29833.75,29840.75,153.0,2026-07
2026-07-03 08:15:00,CME_MINI:NQ1!,29838.5,29852.75,29836.75,29852.0,165.0,2026-07
2026-07-03 08:20:00,CME_MINI:NQ1!,29849.5,29854.25,29836.5,29845.5,193.0,2026-07
2026-07-03 08:25:00,CME_MINI:NQ1!,29845.75,29853.25,29837.5,29846.0,289.0,2026-07
2026-07-03 08:30:00,CME_MINI:NQ1!,29844.0,29849.25,29834.25,29843.25,268.0,2026-07
2026-07-03 08:35:00,CME_MINI:NQ1!,29844.0,29866.0,29844.0,29865.5,318.0,2026-07
2026-07-03 08:40:00,CME_MINI:NQ1!,29865.25,29873.25,29858.75,29870.0,250.0,2026-07
2026-07-03 08:45:00,CME_MINI:NQ1!,29870.5,29870.5,29832.0,29832.0,532.0,2026-07
2026-07-03 08:50:00,CME_MINI:NQ1!,29833.0,29848.25,29831.25,29846.0,244.0,2026-07
2026-07-03 08:55:00,CME_MINI:NQ1!,29847.0,29856.0,29843.0,29848.5,133.0,2026-07
2026-07-03 09:00:00,CME_MINI:NQ1!,29848.75,29849.25,29831.0,29837.25,241.0,2026-07
2026-07-03 09:05:00,CME_MINI:NQ1!,29835.25,29842.75,29827.75,29840.25,255.0,2026-07
2026-07-03 09:10:00,CME_MINI:NQ1!,29838.75,29878.0,29838.75,29877.25,347.0,2026-07
2026-07-03 09:15:00,CME_MINI:NQ1!,29878.0,29885.5,29866.5,29879.75,664.0,2026-07
2026-07-03 09:20:00,CME_MINI:NQ1!,29879.25,29892.75,29876.75,29889.0,336.0,2026-07
2026-07-03 09:25:00,CME_MINI:NQ1!,29887.25,29893.0,29875.25,29887.25,328.0,2026-07
2026-07-03 09:30:00,CME_MINI:NQ1!,29887.25,29897.25,29876.25,29877.75,388.0,2026-07
2026-07-03 09:35:00,CME_MINI:NQ1!,29877.5,29883.75,29870.75,29873.75,199.0,2026-07
2026-07-03 09:40:00,CME_MINI:NQ1!,29874.75,29900.25,29870.0,29895.75,261.0,2026-07
2026-07-03 09:45:00,CME_MINI:NQ1!,29895.75,29899.0,29875.0,29879.5,380.0,2026-07
2026-07-03 09:50:00,CME_MINI:NQ1!,29880.0,29883.25,29869.75,29874.25,192.0,2026-07
2026-07-03 09:55:00,CME_MINI:NQ1!,29874.25,29878.5,29867.75,29870.5,139.0,2026-07
2026-07-03 10:00:00,CME_MINI:NQ1!,29869.75,29870.25,29856.0,29870.0,183.0,2026-07
2026-07-03 10:05:00,CME_MINI:NQ1!,29871.75,29877.75,29869.25,29875.0,155.0,2026-07
2026-07-03 10:10:00,CME_MINI:NQ1!,29873.5,29883.25,29871.0,29879.0,137.0,2026-07
2026-07-03 10:15:00,CME_MINI:NQ1!,29879.25,29879.25,29869.0,29874.5,77.0,2026-07
2026-07-03 10:20:00,CME_MINI:NQ1!,29872.75,29879.5,29864.5,29872.5,137.0,2026-07
2026-07-03 10:25:00,CME_MINI:NQ1!,29872.0,29880.5,29869.5,29876.5,35.0,2026-07
2026-07-03 10:30:00,CME_MINI:NQ1!,29878.75,29884.0,29874.5,29880.25,97.0,2026-07
2026-07-03 10:35:00,CME_MINI:NQ1!,29880.25,29883.0,29865.0,29867.25,355.0,2026-07
2026-07-03 10:40:00,CME_MINI:NQ1!,29866.75,29892.5,29866.75,29892.5,652.0,2026-07
2026-07-03 10:45:00,CME_MINI:NQ1!,29893.25,29894.5,29879.0,29885.5,151.0,2026-07
2026-07-03 10:50:00,CME_MINI:NQ1!,29885.0,29888.5,29883.5,29885.5,86.0,2026-07
2026-07-03 10:55:00,CME_MINI:NQ1!,29886.5,29889.25,29879.5,29879.5,127.0,2026-07
2026-07-03 11:00:00,CME_MINI:NQ1!,29880.75,29882.75,29868.0,29878.0,234.0,2026-07
2026-07-03 11:05:00,CME_MINI:NQ1!,29878.0,29878.0,29870.75,29876.25,89.0,2026-07
2026-07-03 11:10:00,CME_MINI:NQ1!,29877.25,29890.75,29872.75,29886.0,155.0,2026-07
2026-07-03 11:15:00,CME_MINI:NQ1!,29888.0,29889.5,29879.5,29880.0,123.0,2026-07
2026-07-03 11:20:00,CME_MINI:NQ1!,29881.75,29885.0,29880.75,29882.5,45.0,2026-07
2026-07-03 11:25:00,CME_MINI:NQ1!,29881.5,29883.5,29866.75,29873.25,233.0,2026-07
2026-07-03 11:30:00,CME_MINI:NQ1!,29873.5,29890.0,29872.0,29887.25,287.0,2026-07
2026-07-03 11:35:00,CME_MINI:NQ1!,29887.5,29889.5,29879.5,29879.5,108.0,2026-07
2026-07-03 11:40:00,CME_MINI:NQ1!,29880.5,29886.5,29870.0,29875.5,209.0,2026-07
2026-07-03 11:45:00,CME_MINI:NQ1!,29874.75,29884.0,29874.75,29878.75,186.0,2026-07
2026-07-03 11:50:00,CME_MINI:NQ1!,29877.75,29895.0,29876.5,29894.0,193.0,2026-07
2026-07-03 11:55:00,CME_MINI:NQ1!,29895.0,29908.0,29891.5,29903.25,466.0,2026-07
2026-07-03 12:00:00,CME_MINI:NQ1!,29902.75,29920.0,29902.75,29910.5,605.0,2026-07
2026-07-03 12:05:00,CME_MINI:NQ1!,29910.75,29924.25,29906.5,29910.0,466.0,2026-07
2026-07-03 12:10:00,CME_MINI:NQ1!,29910.5,29910.5,29881.0,29887.25,702.0,2026-07
2026-07-03 12:15:00,CME_MINI:NQ1!,29885.0,29896.0,29875.5,29878.25,250.0,2026-07
2026-07-03 12:20:00,CME_MINI:NQ1!,29877.5,29885.75,29876.5,29882.25,120.0,2026-07
2026-07-03 12:25:00,CME_MINI:NQ1!,29883.5,29886.5,29877.75,29885.5,84.0,2026-07
2026-07-03 12:30:00,CME_MINI:NQ1!,29885.25,29890.0,29880.0,29886.75,172.0,2026-07
2026-07-03 12:35:00,CME_MINI:NQ1!,29885.0,29894.0,29877.75,29892.5,193.0,2026-07
2026-07-03 12:40:00,CME_MINI:NQ1!,29891.25,29894.5,29881.0,29884.25,86.0,2026-07
2026-07-03 12:45:00,CME_MINI:NQ1!,29885.0,29897.0,29884.5,29894.75,114.0,2026-07
2026-07-03 12:50:00,CME_MINI:NQ1!,29894.75,29904.5,29890.0,29897.5,336.0,2026-07
2026-07-03 12:55:00,CME_MINI:NQ1!,29898.25,29904.0,29895.5,29903.0,210.0,2026-07
2026-07-03 13:00:00,CME_MINI:NQ1!,29902.5,29918.5,29902.0,29909.75,692.0,2026-07
2026-07-03 13:05:00,CME_MINI:NQ1!,29909.25,29912.5,29890.25,29900.0,412.0,2026-07
2026-07-03 13:10:00,CME_MINI:NQ1!,29901.5,29907.75,29886.75,29889.25,261.0,2026-07
2026-07-03 13:15:00,CME_MINI:NQ1!,29890.25,29904.75,29888.5,29903.25,471.0,2026-07
2026-07-03 13:20:00,CME_MINI:NQ1!,29904.0,29924.25,29902.25,29910.25,647.0,2026-07
2026-07-03 13:25:00,CME_MINI:NQ1!,29910.75,29920.5,29903.25,29920.0,400.0,2026-07
2026-07-03 13:30:00,CME_MINI:NQ1!,29921.0,29955.25,29921.0,29930.0,2787.0,2026-07
2026-07-03 13:35:00,CME_MINI:NQ1!,29930.25,29938.75,29903.5,29913.5,1352.0,2026-07
2026-07-03 13:40:00,CME_MINI:NQ1!,29913.25,29940.75,29912.25,29929.0,1102.0,2026-07
2026-07-03 13:45:00,CME_MINI:NQ1!,29930.5,29944.0,29913.75,29919.25,1064.0,2026-07
2026-07-03 13:50:00,CME_MINI:NQ1!,29919.75,29934.75,29913.75,29920.0,616.0,2026-07
2026-07-03 13:55:00,CME_MINI:NQ1!,29920.0,29940.0,29916.5,29940.0,611.0,2026-07
2026-07-03 14:00:00,CME_MINI:NQ1!,29940.0,29946.25,29925.25,29930.5,724.0,2026-07
2026-07-03 14:05:00,CME_MINI:NQ1!,29932.0,29935.75,29911.0,29917.0,734.0,2026-07
2026-07-03 14:10:00,CME_MINI:NQ1!,29917.75,29917.75,29898.5,29901.0,819.0,2026-07
2026-07-03 14:15:00,CME_MINI:NQ1!,29901.25,29924.25,29895.25,29905.0,995.0,2026-07
2026-07-03 14:20:00,CME_MINI:NQ1!,29905.75,29920.5,29888.5,29914.0,1088.0,2026-07
2026-07-03 14:25:00,CME_MINI:NQ1!,29914.5,29922.75,29906.5,29907.5,467.0,2026-07
2026-07-03 14:30:00,CME_MINI:NQ1!,29907.75,29914.25,29899.5,29907.5,650.0,2026-07
2026-07-03 14:35:00,CME_MINI:NQ1!,29905.75,29910.0,29899.75,29906.0,285.0,2026-07
2026-07-03 14:40:00,CME_MINI:NQ1!,29906.25,29928.0,29901.5,29905.25,808.0,2026-07
2026-07-03 14:45:00,CME_MINI:NQ1!,29905.5,29920.0,29900.25,29912.75,380.0,2026-07
2026-07-03 14:50:00,CME_MINI:NQ1!,29911.0,29926.25,29907.5,29924.25,446.0,2026-07
2026-07-03 14:55:00,CME_MINI:NQ1!,29924.5,29929.0,29914.0,29918.5,373.0,2026-07
2026-07-03 15:00:00,CME_MINI:NQ1!,29919.0,29922.5,29902.0,29908.0,654.0,2026-07
2026-07-03 15:05:00,CME_MINI:NQ1!,29908.0,29913.25,29904.75,29908.0,354.0,2026-07
2026-07-03 15:10:00,CME_MINI:NQ1!,29908.0,29918.5,29907.5,29911.25,371.0,2026-07
2026-07-03 15:15:00,CME_MINI:NQ1!,29911.0,29925.0,29910.25,29921.0,347.0,2026-07
2026-07-03 15:20:00,CME_MINI:NQ1!,29921.5,29922.75,29906.0,29909.75,304.0,2026-07
2026-07-03 15:25:00,CME_MINI:NQ1!,29910.25,29912.0,29897.75,29899.25,409.0,2026-07
2026-07-03 15:30:00,CME_MINI:NQ1!,29900.0,29901.0,29885.0,29894.25,662.0,2026-07
2026-07-03 15:35:00,CME_MINI:NQ1!,29894.75,29904.75,29890.5,29895.75,344.0,2026-07
2026-07-03 15:40:00,CME_MINI:NQ1!,29893.75,29898.5,29884.5,29895.0,433.0,2026-07
2026-07-03 15:45:00,CME_MINI:NQ1!,29895.75,29912.0,29892.0,29908.25,490.0,2026-07
2026-07-03 15:50:00,CME_MINI:NQ1!,29908.25,29913.0,29904.0,29910.5,229.0,2026-07
2026-07-03 15:55:00,CME_MINI:NQ1!,29910.5,29911.25,29904.0,29906.0,174.0,2026-07
2026-07-03 16:00:00,CME_MINI:NQ1!,29907.25,29907.75,29899.25,29900.5,226.0,2026-07
2026-07-03 16:05:00,CME_MINI:NQ1!,29900.0,29905.5,29898.5,29905.25,182.0,2026-07
2026-07-03 16:10:00,CME_MINI:NQ1!,29905.0,29907.5,29894.5,29894.5,198.0,2026-07
2026-07-03 16:15:00,CME_MINI:NQ1!,29896.25,29910.75,29895.75,29903.75,243.0,2026-07
2026-07-03 16:20:00,CME_MINI:NQ1!,29904.25,29915.5,29895.25,29901.0,411.0,2026-07
2026-07-03 16:25:00,CME_MINI:NQ1!,29900.0,29907.25,29900.0,29900.5,184.0,2026-07
2026-07-03 16:30:00,CME_MINI:NQ1!,29901.5,29904.5,29890.75,29904.5,380.0,2026-07
2026-07-03 16:35:00,CME_MINI:NQ1!,29904.0,29918.0,29901.25,29916.75,288.0,2026-07
2026-07-03 16:40:00,CME_MINI:NQ1!,29917.25,29925.0,29911.75,29922.0,269.0,2026-07
2026-07-03 16:45:00,CME_MINI:NQ1!,29921.5,29923.5,29899.75,29903.75,486.0,2026-07
2026-07-03 16:50:00,CME_MINI:NQ1!,29901.75,29905.75,29896.75,29905.0,426.0,2026-07
2026-07-03 16:55:00,CME_MINI:NQ1!,29904.25,29912.5,29897.75,29901.75,392.0,2026-07
